_step,epoch,action_dit_loss,learning_rate/base,learning_rate/pi05_model.paligemma_with_expert.gemma_expert,timing/data,timing/model,rtc_postfix_count,_runtime,_timestamp
10,0,0.022992681711912155,1.0000000000000001e-07,5.000000000000001e-07,0.0002575259999844093,0.7468596670000238,111,16.916403894,1786042061.0867941
20,0,0.034037068486213684,2.0000000000000002e-07,1.0000000000000002e-06,0.0002691400000003341,0.6919083320000254,109,24.772847314,1786042068.2530363
30,0,0.024838756769895554,3.0000000000000004e-07,1.5e-06,0.0002227460000199244,0.7077767879999897,117,32.347306447,1786042076.1094227
40,0,0.03016776591539383,4.0000000000000003e-07,2.0000000000000003e-06,0.00024154499999440304,0.6868158099999846,110,39.494192726,1786042083.6838672
50,0.01,0.02949884720146656,5.000000000000001e-07,2.5e-06,0.00025312399998256296,0.7102931680000211,111,47.02126374,1786042090.8307774
60,0.01,0.009575789794325829,6.000000000000001e-07,3e-06,0.0002463119999447372,0.9672932490000221,111,54.36303288,1786042098.3579576
70,0.01,0.012001308612525463,7.000000000000001e-07,3.5000000000000004e-06,0.0002489599999080383,0.6937584109999761,109,61.805228911,1786042105.6996217
80,0.01,0.016025030985474586,8.000000000000001e-07,4.000000000000001e-06,0.00027629800001705007,0.7462955790000478,109,69.038617884,1786042113.141839
90,0.01,0.022087018936872482,9.000000000000001e-07,4.5e-06,0.0002523670000300626,0.7720692000000327,115,76.254978944,1786042120.3751733
100,0.01,0.008397743105888367,1.0000000000000002e-06,5e-06,0.0003307050000103118,0.6962129730000015,112,84.319989855,1786042127.5917363
110,0.01,0.016736416146159172,1.1e-06,5.500000000000001e-06,0.00024662699991040427,0.6989434539999593,111,91.661574016,1786042135.6565769
120,0.01,0.013915306888520718,1.2000000000000002e-06,6e-06,0.00025906500002292887,0.7246632420000196,107,98.739776617,1786042142.9980905
130,0.01,0.0055620200000703335,1.3e-06,6.5000000000000004e-06,0.00022820800006684294,0.7564090939999915,104,106.190794224,1786042150.0762522
140,0.02,0.004077950492501259,1.4000000000000001e-06,7.000000000000001e-06,0.00027615399994829204,0.9043937400000459,116,113.509205212,1786042157.5273361
150,0.02,0.0073920926079154015,1.5e-06,7.5e-06,0.0005125840000346216,0.7241653620000079,116,120.982564506,1786042164.8458385
160,0.02,0.010636324994266033,1.6000000000000001e-06,8.000000000000001e-06,0.0002588930000229084,0.713389642999914,106,128.319976123,1786042172.3191268
170,0.02,0.016737449914216995,1.7000000000000002e-06,8.500000000000002e-06,0.00024385400001847302,0.7021823339999855,114,135.997953891,1786042179.6565218
180,0.02,0.0034840900916606188,1.8000000000000001e-06,9e-06,0.0002378039999939574,0.9809029869999222,106,143.268749388,1786042187.3344603
190,0.02,0.006409852299839258,1.9000000000000002e-06,9.5e-06,0.0002473600000030274,0.7336793489999991,109,150.676932507,1786042194.6053162
200,0.02,0.004339530598372221,2.0000000000000003e-06,1e-05,0.00023860399994646286,0.7006262719999086,104,157.768371093,1786042202.013621
210,0.02,0.0066917771473526955,2.1000000000000002e-06,1.05e-05,0.00024262100009764254,0.6957652289999032,110,165.130135163,1786042209.1050138
220,0.02,0.0058188848197460175,2.2e-06,1.1000000000000001e-05,0.0002607689999649665,0.6864777159998994,119,172.895201285,1786042216.4667053
230,0.03,0.005377733148634434,2.3000000000000004e-06,1.1500000000000002e-05,0.00023118799992971617,0.7052917110000863,111,180.194364543,1786042224.231835
240,0.03,0.007392500527203083,2.4000000000000003e-06,1.2e-05,0.000245900999971127,0.7224352890000318,113,187.342207639,1786042231.5310419
250,0.03,0.0023883285466581583,2.5e-06,1.25e-05,0.00022683400004552823,0.6850612320000664,111,194.879970217,1786042238.678845
260,0.03,0.002180685056373477,2.6e-06,1.3000000000000001e-05,0.00026529199999458797,0.9304866429999947,109,201.930842054,1786042246.2166176
270,0.03,0.006165335886180401,2.7000000000000004e-06,1.3500000000000001e-05,0.0003213329999880443,0.689859255999977,110,209.299855363,1786042253.2675
280,0.03,0.0022106224205344915,2.8000000000000003e-06,1.4000000000000001e-05,0.00026879799997914233,0.6997353739999426,107,216.497694324,1786042260.6365933
290,0.03,0.010459835641086102,2.9e-06,1.45e-05,0.00022794899996370077,0.7609907759999714,112,224.110090266,1786042267.834302
300,0.03,0.004111056681722403,3e-06,1.5e-05,0.00022379600000022037,0.8705809329999283,119,231.668831335,1786042275.4467175
310,0.03,0.002675444819033146,3.1000000000000004e-06,1.55e-05,0.0003271589999940261,0.7422224040000174,116,238.950065907,1786042283.0054092
320,0.04,0.00908710341900587,3.2000000000000003e-06,1.6000000000000003e-05,0.00023745900000449183,0.6849958359999846,107,245.981352277,1786042290.286742
330,0.04,0.0024532561656087637,3.3000000000000006e-06,1.65e-05,0.00044709300004797115,0.7058366929999238,115,253.389188311,1786042297.318002
340,0.04,0.007134622894227505,3.4000000000000005e-06,1.7000000000000003e-05,0.0002472539999871515,0.7260643550000623,110,260.791538944,1786042304.7258217
350,0.04,0.008609535172581673,3.5e-06,1.75e-05,0.00027385800001411553,0.6839514060000056,106,268.157901354,1786042312.1282072
360,0.04,0.007417920511215925,3.6000000000000003e-06,1.8e-05,0.00025609700003315083,0.7196719529999882,113,275.289074411,1786042319.4944198
370,0.04,0.013321626000106335,3.7e-06,1.85e-05,0.00023546700003862497,0.7045949810000138,105,283.116086702,1786042326.625665
380,0.04,0.00445890985429287,3.8000000000000005e-06,1.9e-05,0.00022116500008451112,0.8930632260000948,108,290.210796266,1786042334.4521978
390,0.04,0.004648557398468256,3.900000000000001e-06,1.9500000000000003e-05,0.00022251899997627334,0.6849966869999662,106,297.287722049,1786042341.5473325
400,0.05,0.007241114042699337,4.000000000000001e-06,2e-05,0.00023930999998356128,0.6865535009999348,109,304.67214054,1786042348.6244013
410,0.05,0.005397082306444645,4.1e-06,2.05e-05,0.00028424300001006486,0.6952134570000226,112,312.379937482,1786042356.0087097
420,0.05,0.005808880086988211,4.2000000000000004e-06,2.1e-05,0.00022170900001583504,0.6897842629999786,109,319.388673432,1786042363.716564
430,0.05,0.001605155528523028,4.3e-06,2.15e-05,0.00022576000003482477,0.7071290490000592,112,326.590464947,1786042370.7253385
440,0.05,0.006882015150040388,4.4e-06,2.2000000000000003e-05,0.00020353399997929955,0.7593264010000667,113,333.915317491,1786042377.9270966
450,0.05,0.0082518570125103,4.5e-06,2.25e-05,0.00019970599998941907,0.6841417199999569,109,341.79570432,1786042385.2518637
460,0.05,0.003997608087956905,4.600000000000001e-06,2.3000000000000003e-05,0.00026981700000305864,0.8899667449999242,111,349.155576513,1786042393.1323469
470,0.05,0.007927881553769112,4.7e-06,2.35e-05,0.0002896320000900232,0.7297443310000062,108,356.279553289,1786042400.4920864
480,0.05,0.002756768837571144,4.800000000000001e-06,2.4e-05,0.00022647600007985602,0.746915749999971,107,363.597750702,1786042407.6161625
490,0.06,0.0029158093966543674,4.9000000000000005e-06,2.45e-05,0.00021186399999351124,0.713307466999936,111,371.13661963,1786042414.934084
500,0.06,0.012005919590592384,5e-06,2.5e-05,0.0002090389999693798,0.7480952270000216,110,378.14469912,1786042422.4732265
510,0.06,0.006195669993758202,5.1e-06,2.5500000000000003e-05,0.0002554599999484708,0.7231136629999355,109,385.319624827,1786042429.4813771
520,0.06,0.003977126907557249,5.2e-06,2.6000000000000002e-05,0.00022505799995542475,0.7092003619999332,113,392.60920363,1786042436.656129
530,0.06,0.001681371359154582,5.300000000000001e-06,2.6500000000000004e-05,0.00024433299995507696,0.7098534889998973,104,400.226836326,1786042443.9458442
540,0.06,0.0013450576225295663,5.400000000000001e-06,2.7000000000000002e-05,0.00025393099997472746,0.7518001299999924,113,407.339617285,1786042451.563497
550,0.06,0.012269039638340473,5.500000000000001e-06,2.7500000000000004e-05,0.00024242699998922035,0.694616662000044,111,414.297398395,1786042458.6762993
560,0.06,0.017312539741396904,5.600000000000001e-06,2.8000000000000003e-05,0.00022419800006900914,0.7030341970000791,112,421.617126128,1786042465.63399
570,0.06,0.001759901875630021,5.7e-06,2.8499999999999998e-05,0.00028060700003607053,0.679667999000003,108,429.70246454,1786042472.9537942
580,0.07,0.010654645040631294,5.8e-06,2.9e-05,0.00025005899999541725,0.9391773950000015,111,436.876752558,1786042481.039094
590,0.07,0.01072590984404087,5.9e-06,2.95e-05,0.0002430660000527496,0.7238670759999195,117,443.872471558,1786042488.2133338
600,0.07,0.005123142618685961,6e-06,3e-05,0.00021695500004170754,0.6731480999999349,112,451.083352538,1786042495.2091348
610,0.07,0.0037819347344338894,6.1e-06,3.05e-05,0.0002178989999492842,0.6900547909999659,104,458.940589993,1786042502.4199777
620,0.07,0.008784034289419651,6.200000000000001e-06,3.1e-05,0.00021771199999420787,0.6789509239999916,108,466.053432562,1786042510.2769508
630,0.07,0.004568412899971008,6.300000000000001e-06,3.15e-05,0.000247861000048033,0.7290342750000036,115,473.271441001,1786042517.390032
640,0.07,0.005899259354919195,6.4000000000000006e-06,3.2000000000000005e-05,0.00022204800006875303,0.7312091810000538,110,480.392922362,1786042524.6080842
650,0.07,0.0039021815173327923,6.5000000000000004e-06,3.2500000000000004e-05,0.0002395759998989888,0.747658938000086,108,488.460144828,1786042531.7295415
660,0.07,0.0024358537048101425,6.600000000000001e-06,3.3e-05,0.0002077990000088903,0.679811407000102,116,495.589083574,1786042539.7967494
670,0.08,0.0027655053418129683,6.700000000000001e-06,3.35e-05,0.0002103099999430924,0.7077121549999674,107,502.626301561,1786042546.9258552
680,0.08,0.002543694106861949,6.800000000000001e-06,3.4000000000000007e-05,0.00022324400003981282,0.7003889610000442,114,509.953390313,1786042553.9628794
690,0.08,0.0030766043346375227,6.9e-06,3.45e-05,0.00023250800006735517,0.9383808250000811,110,517.936014476,1786042561.2900538
700,0.08,0.008776051923632622,7e-06,3.5e-05,0.00025121500004843256,0.7419511859999375,112,525.025616967,1786042569.2726746
710,0.08,0.006517680827528238,7.100000000000001e-06,3.55e-05,0.00023297299992464104,0.7140573679999989,115,532.044709879,1786042576.3621483
720,0.08,0.0037558649200946093,7.2000000000000005e-06,3.6e-05,0.00027821500009395095,0.7209249710000449,113,539.133929819,1786042583.3813496
730,0.08,0.0038961772806942463,7.3e-06,3.65e-05,0.00024457899996832566,0.7001864489999434,111,546.784112183,1786042590.4704888
740,0.08,0.0019705072045326233,7.4e-06,3.7e-05,0.000276841999948374,0.7146724460000087,109,553.904107347,1786042598.1207244
750,0.08,0.013323686085641384,7.500000000000001e-06,3.7500000000000003e-05,0.00027405399987401324,0.6810662450000109,115,560.985195,1786042605.2407224
760,0.09,0.001861063065007329,7.600000000000001e-06,3.8e-05,0.0002132289998826309,0.696721597000078,114,568.026477735,1786042612.3218625
770,0.09,0.005051119718700647,7.7e-06,3.85e-05,0.0004584629998589662,0.7230400789999294,112,576.158212078,1786042619.3630185
780,0.09,0.02003420703113079,7.800000000000002e-06,3.9000000000000006e-05,0.0002886939998916205,0.6990924429999268,115,583.293945795,1786042627.4947991
790,0.09,0.006207701284438372,7.9e-06,3.9500000000000005e-05,0.0002994420001414255,0.6890551629999209,108,590.429465601,1786042634.6305656
800,0.09,0.00195807171985507,8.000000000000001e-06,4e-05,0.00027858599992214295,0.6982675169999766,113,597.642996048,1786042641.7661114
810,0.09,0.005777780897915363,8.1e-06,4.05e-05,0.00022618899993176456,0.8767127819999132,106,605.695148978,1786042648.9795809
820,0.09,0.012548455968499184,8.2e-06,4.1e-05,0.00020864899988737307,0.7232920480000757,117,612.738830639,1786042657.031781
830,0.09,0.00959142204374075,8.3e-06,4.15e-05,0.00028263699982744583,0.7315573690000292,109,619.856031294,1786042664.07536
840,0.09,0.007849393412470818,8.400000000000001e-06,4.2e-05,0.0002124449999882927,0.7283717209998031,110,626.96974842,1786042671.1926906
850,0.1,0.004166943021118641,8.5e-06,4.25e-05,0.00047237800004040764,0.7160557710001285,112,634.856945003,1786042678.306417
860,0.1,0.006601734086871147,8.6e-06,4.3e-05,0.0002260400001432572,0.6849367190000066,109,641.996621573,1786042686.1935034
870,0.1,0.0032238755375146866,8.700000000000001e-06,4.35e-05,0.00023228200006997213,0.7075302850000753,117,648.987846421,1786042693.3332915
880,0.1,0.0027078879065811634,8.8e-06,4.4000000000000006e-05,0.00020979400005671778,0.6763881149997815,117,656.051353874,1786042700.3244839
890,0.1,0.008770287036895752,8.900000000000001e-06,4.4500000000000004e-05,0.00022149899996293243,0.6948442509999495,110,663.903829756,1786042707.3880413
900,0.1,0.0038039973005652428,9e-06,4.5e-05,0.00020573000006152142,0.6816322820000096,109,671.023511372,1786042715.240421
910,0.1,0.01574932411313057,9.100000000000001e-06,4.55e-05,0.0002530659999138152,0.7294452030000684,112,678.010521474,1786042722.3600817
920,0.1,0.003647005185484886,9.200000000000002e-06,4.600000000000001e-05,0.0002324060001228645,0.6957032029999937,113,685.257652309,1786042729.3468797
930,0.1,0.004382061772048473,9.3e-06,4.6500000000000005e-05,0.0002309760000116512,0.849854601999823,117,693.24867357,1786042736.5942516
940,0.11,0.008938303217291832,9.4e-06,4.7e-05,0.0005836810000801052,0.7326671050000186,118,700.316110825,1786042744.5851848
950,0.11,0.0021162235643714666,9.5e-06,4.75e-05,0.00020970200012015994,0.7099778359997799,111,707.397253252,1786042751.6526482
960,0.11,0.0010418480960652232,9.600000000000001e-06,4.8e-05,0.00021694600013688614,0.7035409540001183,109,714.838218191,1786042758.7338789
970,0.11,0.00046181349898688495,9.7e-06,4.85e-05,0.00022362599997904908,0.8628011520002019,111,722.741777297,1786042766.174863
980,0.11,0.03595217689871788,9.800000000000001e-06,4.9e-05,0.00022322099994198652,0.733041761000095,119,730.054150185,1786042774.0784402
990,0.11,0.003997441381216049,9.9e-06,4.9500000000000004e-05,0.0002214559999629273,0.6978785890000836,109,737.01147781,1786042781.3907797
1000,0.11,0.009594599716365337,1e-05,5e-05,0.0002223960000264924,0.7055473089999396,108,744.48389148,1786042788.3481364
1010,0.11,0.005351491272449493,1.0100000000000002e-05,5.05e-05,0.00022662299988951418,0.8655390410001473,112,752.104391181,1786042795.8205109
1020,0.11,0.012422291561961174,1.02e-05,5.1000000000000006e-05,0.00024625400010336307,0.6948280960000375,112,759.287502442,1786042803.441059
1030,0.12,0.0032617244869470596,1.0300000000000001e-05,5.1500000000000005e-05,0.00045290599996405945,0.6949500109999462,105,766.31194755,1786042810.6242025
1040,0.12,0.007832500152289867,1.04e-05,5.2000000000000004e-05,0.00023961500005498237,0.6919570319998911,118,773.519379644,1786042817.648575
1050,0.12,0.004798530600965023,1.0500000000000001e-05,5.25e-05,0.0006492400000297494,0.8518247719998726,111,780.946139632,1786042824.8559659
1060,0.12,0.0025282965507358313,1.0600000000000002e-05,5.300000000000001e-05,0.0002251079999950889,0.6870818630000031,113,788.189901223,1786042832.2825592
1070,0.12,0.005695706699043512,1.0700000000000001e-05,5.3500000000000006e-05,0.00023042800012262887,0.7147813700000825,107,795.32058411,1786042839.5265007
1080,0.12,0.005579983349889517,1.0800000000000002e-05,5.4000000000000005e-05,0.0002256679999845801,0.6947934699999223,111,802.99013577,1786042846.6572914
1090,0.12,0.0034042252227663994,1.0900000000000002e-05,5.45e-05,0.00027193100004296866,0.9265504100001181,109,810.44856936,1786042854.3267307
1100,0.12,0.004448879975825548,1.1000000000000001e-05,5.500000000000001e-05,0.00023024100005386572,0.6939741889998459,112,817.645958245,1786042861.7851372
1110,0.12,0.004032629542052746,1.1100000000000002e-05,5.550000000000001e-05,0.00021302400000422494,0.6882894430000306,115,824.7034839,1786042868.9824905
1120,0.13,0.014829861000180244,1.1200000000000001e-05,5.6000000000000006e-05,0.00020901100015180418,0.7251326729999619,110,832.098394875,1786042876.0401585
1130,0.13,0.014676480554044247,1.13e-05,5.65e-05,0.0002508259999558504,0.6866561860001639,111,839.456652259,1786042883.4350936
1140,0.13,0.0035007994156330824,1.14e-05,5.6999999999999996e-05,0.00022518700006912695,0.7106758699999318,112,846.799270527,1786042890.7932932
1150,0.13,0.007470959331840277,1.15e-05,5.7499999999999995e-05,0.00023458100008610927,0.6911554430000706,114,853.935742002,1786042898.1359565
1160,0.13,0.005878293886780739,1.16e-05,5.8e-05,0.0002967010000247683,0.7529027430000497,108,861.995024232,1786042905.2723808
1170,0.13,0.0011940387776121497,1.17e-05,5.85e-05,0.0002272140000059153,0.9514680339998449,116,869.35403331,1786042913.331584
1180,0.13,0.006806912366300821,1.18e-05,5.9e-05,0.000211722999893027,0.6918590790000962,112,876.66878096,1786042920.690658
1190,0.13,0.001797357457689941,1.1900000000000001e-05,5.95e-05,0.0002112810000198806,0.7123439460001464,110,883.725436316,1786042928.005317
1200,0.14,0.0032890252768993378,1.2e-05,6e-05,0.00021435999997265753,0.6854672169999958,112,891.389086545,1786042935.0621145
1210,0.14,0.008656150661408901,1.2100000000000001e-05,6.05e-05,0.00022381500002666144,0.7000101309999991,116,898.817376652,1786042942.7255743
1220,0.14,0.006263313814997673,1.22e-05,6.1e-05,0.0002520479999930103,0.7348101710001629,107,906.012576118,1786042950.1540403
1230,0.14,0.003224211046472192,1.23e-05,6.15e-05,0.0002365530001497973,0.7206509459999779,109,913.311243756,1786042957.3492694
1240,0.14,0.0028603090904653072,1.2400000000000002e-05,6.2e-05,0.00022097800001574797,0.7187064290001217,111,921.440174863,1786042964.647825
1250,0.14,0.001273331930860877,1.25e-05,6.25e-05,0.00024472199993397226,0.8849024149999423,120,928.58331978,1786042972.776833
1260,0.14,0.006073359400033951,1.2600000000000001e-05,6.3e-05,0.00020227100003467058,0.6961396210001567,113,935.799429959,1786042979.9199364
1270,0.14,0.008948271162807941,1.27e-05,6.35e-05,0.00022418499997911567,0.892847286999995,108,942.990246195,1786042987.136051
1280,0.14,0.001287421677261591,1.2800000000000001e-05,6.400000000000001e-05,0.00020975600000383565,0.7463062260001152,114,950.848854133,1786042994.3268456
1290,0.15,0.0043874988332390785,1.2900000000000002e-05,6.450000000000001e-05,0.00020958600021003804,0.68343291400015,117,957.898845005,1786043002.185484
1300,0.15,0.001206188346259296,1.3000000000000001e-05,6.500000000000001e-05,0.00021865300004719757,0.7291629639998973,108,964.972603577,1786043009.2354953
1310,0.15,0.005787528585642576,1.3100000000000002e-05,6.55e-05,0.0002245109999421402,0.7294391149998773,114,972.213127021,1786043016.3091123
1320,0.15,0.001625856850296259,1.3200000000000002e-05,6.6e-05,0.00020738599982905725,0.7123750869998275,109,980.020745413,1786043023.5496485
1330,0.15,0.0036060179118067026,1.3300000000000001e-05,6.65e-05,0.00020255699996596377,0.7192983189997904,104,987.364512776,1786043031.3574376
1340,0.15,0.010965947061777115,1.3400000000000002e-05,6.7e-05,0.0002191290000155277,0.6951663950001148,108,994.435861485,1786043038.7011964
1350,0.15,0.0017346790991723537,1.3500000000000001e-05,6.750000000000001e-05,0.00021888500009481504,0.6792315479999615,111,1001.679931969,1786043045.7724316
1360,0.15,0.003565311897546053,1.3600000000000002e-05,6.800000000000001e-05,0.00022138700001050893,0.6775327400000606,111,1009.129103418,1786043053.016569
1370,0.15,0.002385098487138748,1.3700000000000003e-05,6.850000000000001e-05,0.00022725700000592042,0.6816137860000708,109,1016.204293001,1786043060.4656553
1380,0.16,0.005441366694867611,1.38e-05,6.9e-05,0.00020605000008799834,0.7162782759999118,114,1023.219467651,1786043067.54093
1390,0.16,0.010470397770404816,1.39e-05,6.95e-05,0.0002702560000216181,0.6994541240001126,108,1030.520864519,1786043074.5561097
1400,0.16,0.004122392740100622,1.4e-05,7e-05,0.0005159400000138703,0.7133562360002088,114,1038.189134481,1786043081.8575342
1410,0.16,0.0009115033317357302,1.41e-05,7.05e-05,0.0002177430001211178,0.6864649289998397,104,1045.24133607,1786043089.5257542
1420,0.16,0.002089429646730423,1.4200000000000001e-05,7.1e-05,0.00023698400013927312,0.6980549300001258,110,1052.287612783,1786043096.577977
1430,0.16,0.0032005019020289183,1.43e-05,7.15e-05,0.0002286510000431008,0.697902577999912,115,1059.511498931,1786043103.624143
1440,0.16,0.005912870168685913,1.4400000000000001e-05,7.2e-05,0.00020067700006620726,0.735404631000165,108,1067.156675949,1786043110.8480046
1450,0.16,0.0010188511805608869,1.45e-05,7.25e-05,0.00021674499998880492,0.6815066420001585,103,1074.346252853,1786043118.4933722
1460,0.16,0.02810555510222912,1.46e-05,7.3e-05,0.00021521600001506158,0.7142324559999906,113,1081.35678658,1786043125.6828582
1470,0.17,0.002023725537583232,1.4700000000000002e-05,7.35e-05,0.00020177300007162557,0.7344320490001337,113,1088.747829521,1786043132.693245
1480,0.17,0.00849559810012579,1.48e-05,7.4e-05,0.00023148900004343886,0.9378373900001407,111,1096.597890612,1786043140.0844908
1490,0.17,0.00707930838689208,1.4900000000000001e-05,7.450000000000001e-05,0.0002215160000105243,0.7263582220000444,103,1103.726581786,1786043147.9345503
1500,0.17,0.005040148738771677,1.5000000000000002e-05,7.500000000000001e-05,0.0003930119999040471,0.703865751999956,107,1110.835905595,1786043155.0632432
1510,0.17,0.010122694075107574,1.5100000000000001e-05,7.55e-05,0.00023155500002758345,0.6975966140000764,116,1118.109898328,1786043162.1724088
1520,0.17,0.009879246354103088,1.5200000000000002e-05,7.6e-05,0.00019593599995459954,0.6949466840001151,109,1125.67731402,1786043169.4465964
1530,0.17,0.005493404809385538,1.5300000000000003e-05,7.65e-05,0.00031934399999045127,0.676771945000155,112,1132.704828723,1786043177.0139363
1540,0.17,0.006392654962837696,1.54e-05,7.7e-05,0.0005160709999927349,0.678917267000088,111,1139.731485185,1786043184.0414367
1550,0.17,0.0021798517554998398,1.55e-05,7.75e-05,0.00021838999987267016,0.6874168140000165,105,1146.85537817,1786043191.0681427
1560,0.18,0.0017698609735816717,1.5600000000000003e-05,7.800000000000001e-05,0.000215364000041518,0.733152347999976,112,1155.206587362,1786043198.1919928
1570,0.18,0.0022713064681738615,1.5700000000000002e-05,7.850000000000001e-05,0.00022382399993148283,0.7209515179999926,116,1162.417230543,1786043206.543167
1580,0.18,0.0014312874991446733,1.58e-05,7.900000000000001e-05,0.0002118340000833996,0.6856680210000832,105,1169.50581979,1786043213.753863
1590,0.18,0.0035353919956833124,1.5900000000000004e-05,7.950000000000001e-05,0.00022360799994203262,0.7080399540000144,112,1176.555319455,1786043220.8424597
1600,0.18,0.009343709796667099,1.6000000000000003e-05,8e-05,0.0002112829999987298,0.7106375829998797,111,1184.594840658,1786043227.8919208
1610,0.18,0.009640957228839397,1.6100000000000002e-05,8.05e-05,0.0002722399999584013,0.6793105009999181,114,1191.737375261,1786043235.9314573
1620,0.18,0.0037635520566254854,1.62e-05,8.1e-05,0.00047006299996610323,0.6801449280001179,107,1198.821090029,1786043243.073925
1630,0.18,0.004522972274571657,1.63e-05,8.15e-05,0.00020614100003513158,0.6926240010000129,111,1205.911026043,1786043250.1578052
1640,0.18,0.001972077414393425,1.64e-05,8.2e-05,0.00018851799995900365,0.7016789239999071,113,1213.880940098,1786043257.2477083
1650,0.19,0.005881513003259897,1.65e-05,8.25e-05,0.0002559770000516437,0.7315281769999729,112,1221.006347518,1786043265.2176287
1660,0.19,0.0035921919625252485,1.66e-05,8.3e-05,0.00023033699994812196,0.7197920400001294,103,1228.054081639,1786043272.3429751
1670,0.19,0.00609618378803134,1.67e-05,8.35e-05,0.000567581000041173,0.6806755899999644,117,1235.290622212,1786043279.3908873
1680,0.19,0.05355364829301834,1.6800000000000002e-05,8.4e-05,0.0003386910000244825,0.8788944679999986,111,1243.012011673,1786043286.6272295
1690,0.19,0.0026579557452350855,1.69e-05,8.450000000000001e-05,0.00024721099998714635,0.6992618700001003,112,1250.090304702,1786043294.3486955
1700,0.19,0.014479199424386024,1.7e-05,8.5e-05,0.00020490199995037983,0.6895568609998008,109,1257.169449586,1786043301.4268532
1710,0.19,0.003441945184022188,1.7100000000000002e-05,8.55e-05,0.0003665229999114672,0.7290835119999883,109,1264.465896797,1786043308.5061004
1720,0.19,0.0034393591340631247,1.72e-05,8.6e-05,0.00021314900004654191,0.709870882000132,119,1272.572583068,1786043315.8023932
1730,0.19,0.002880864078179002,1.73e-05,8.65e-05,0.0002660310001374455,0.6920131669999137,114,1279.747411846,1786043323.9092085
1740,0.2,0.0038166723679751158,1.7400000000000003e-05,8.7e-05,0.00035735300002670556,0.7093179930000133,118,1286.802687879,1786043331.0840049
1750,0.2,0.006876225117594004,1.7500000000000002e-05,8.75e-05,0.00020421599992914707,0.7266576170000008,112,1294.096532586,1786043338.1392834
1760,0.2,0.004554544109851122,1.76e-05,8.800000000000001e-05,0.00020769499997186358,0.8431419959999857,116,1302.109357715,1786043345.4331362
1770,0.2,0.00964595377445221,1.77e-05,8.850000000000001e-05,0.0004634099998384045,0.6838131869999415,106,1309.209529011,1786043353.4459383
1780,0.2,0.0010215819347649813,1.7800000000000002e-05,8.900000000000001e-05,0.0002026489999025216,0.700706197000045,114,1316.270274384,1786043360.5460825
1790,0.2,0.004973296541720629,1.79e-05,8.950000000000001e-05,0.00022543699992638722,0.724742458000037,111,1323.552398851,1786043367.606994
1800,0.2,0.0022373669780790806,1.8e-05,9e-05,0.00043198599996685516,0.8576003450000371,109,1331.371529077,1786043374.8889837
1810,0.2,0.0023622813168913126,1.8100000000000003e-05,9.05e-05,0.00022104799995759095,0.7017323009999927,114,1338.684784563,1786043382.7080812
1820,0.2,0.006568722892552614,1.8200000000000002e-05,9.1e-05,0.0002606130001368001,0.727793962000078,109,1345.793414219,1786043390.021423
1830,0.21,0.012608363293111324,1.83e-05,9.15e-05,0.00021837500003130117,0.7333768640000926,113,1353.203310368,1786043397.1298387
1840,0.21,0.004871103912591934,1.8400000000000003e-05,9.200000000000001e-05,0.00020774900008291297,0.8898236089999045,108,1360.71279416,1786043404.5399468
1850,0.21,0.015025785192847252,1.8500000000000002e-05,9.250000000000001e-05,0.0002685980000478594,0.6963205819999985,116,1368.086351344,1786043412.0493453
1860,0.21,0.006006860639899969,1.86e-05,9.300000000000001e-05,0.0002097849999245227,0.740157088999922,115,1375.157566407,1786043419.423029
1870,0.21,0.011033093556761742,1.8700000000000004e-05,9.350000000000001e-05,0.0002060889999029314,0.6949740129998645,120,1382.580944986,1786043426.4942515
1880,0.21,0.002146837767213583,1.88e-05,9.4e-05,0.0002342969999062916,0.7393163379999805,111,1390.292498701,1786043433.9174569
1890,0.21,0.005436100997030735,1.8900000000000002e-05,9.449999999999999e-05,0.00029395999990811106,0.6841175389999989,113,1397.63681453,1786043441.6291666
1900,0.21,0.0011679885210469365,1.9e-05,9.5e-05,0.00020837800002482254,0.6798937889998342,107,1404.775268855,1786043448.9731405
1910,0.22,0.00817857962101698,1.91e-05,9.55e-05,0.000254766999887579,0.7413034799999423,112,1412.035989434,1786043456.111929
1920,0.22,0.012568069621920586,1.9200000000000003e-05,9.6e-05,0.00020859400001427275,0.6801463029999013,113,1419.933376536,1786043463.3725324
1930,0.22,0.029523376375436783,1.93e-05,9.65e-05,0.00021682700003111677,0.7257084490001944,105,1427.342276835,1786043471.270071
1940,0.22,0.0016957129118964076,1.94e-05,9.7e-05,0.00022408799986806116,0.7266337089999979,116,1434.520346535,1786043478.6789515
1950,0.22,0.0029015911277383566,1.95e-05,9.75e-05,0.00023194400000647875,0.7185487040001135,114,1442.064081378,1786043485.856928
1960,0.22,0.007292668800801039,1.9600000000000002e-05,9.8e-05,0.00023753799996484304,0.9674681689998579,116,1449.59532736,1786043493.400702
1970,0.22,0.002674656454473734,1.97e-05,9.850000000000001e-05,0.00021869299985155521,0.7336542389998613,107,1456.820098113,1786043500.9319537
1980,0.22,0.013712710700929165,1.98e-05,9.900000000000001e-05,0.00021711999988838215,0.680604465999977,119,1463.854146069,1786043508.1567144
1990,0.22,0.004086353350430727,1.9900000000000003e-05,9.95e-05,0.00022806400011177175,0.6814560450000045,104,1471.409279415,1786043515.1907713
2000,0.23,0.0032186389435082674,2e-05,0.0001,0.00026238299983560864,0.7181920160001027,111,1503.341381343,1786043522.7459528
2010,0.23,0.00327086728066206,1.999998629221959e-05,9.999993146109795e-05,0.00023875100009718153,0.6946299799999451,103,1510.565111955,1786043554.6779397
2020,0.23,0.003004575613886118,1.9999945168920113e-05,9.999972584460057e-05,0.0002925019998656353,0.722119290999899,104,1517.671193853,1786043561.9017472
2030,0.23,0.003169118193909526,1.9999876630226844e-05,9.999938315113421e-05,0.00020320700014053728,0.727547082000001,105,1525.299143804,1786043569.0078523
2040,0.23,0.0011412028688937426,1.999978067634855e-05,9.999890338174276e-05,0.00020487100005084358,0.8930104110002048,109,1532.681143282,1786043576.6355302
2050,0.23,0.007758317980915308,1.999965730757754e-05,9.999828653788771e-05,0.00027449100002741034,0.7092855410000993,110,1539.981671707,1786043584.0177321
2060,0.23,0.001238059252500534,1.999950652428961e-05,9.999753262144806e-05,0.00023415000009663345,0.6946632859999227,115,1547.06390311,1786043591.3182585
2070,0.23,0.008622138760983944,1.999932832694407e-05,9.999664163472034e-05,0.00024742000005062437,0.7304806649999591,116,1554.668977202,1786043598.4005167
2080,0.23,0.0028252361807972193,1.9999122716083737e-05,9.999561358041869e-05,0.0007021210001312284,0.8547781240001768,109,1562.118045397,1786043606.005583
2090,0.24,0.01271512359380722,1.9998889692334945e-05,9.999444846167473e-05,0.00020814200001950667,0.6888170879999507,115,1569.295906052,1786043613.454646
2100,0.24,0.0023199860006570816,1.9998629256407523e-05,9.99931462820376e-05,0.00019940900006076845,0.6821325270000216,110,1576.438310291,1786043620.6325526
2110,0.24,0.005136679857969284,1.99983414090948e-05,9.999170704547399e-05,0.0002027149998866662,0.7093718900000567,114,1584.127238354,1786043627.7749774
2120,0.24,0.002673833165317774,1.999802615127361e-05,9.999013075636805e-05,0.00021453199997267802,0.7064515490001213,105,1591.585731931,1786043635.4638748
2130,0.24,0.018055984750390053,1.9997683483904285e-05,9.998841741952143e-05,0.0003311109999231121,0.7235486680001486,114,1598.569589536,1786043642.9222486
2140,0.24,0.004620612598955631,1.999731340803065e-05,9.998656704015325e-05,0.00020451499995033373,0.6938064490000215,110,1605.803335591,1786043649.9059796
2150,0.24,0.049519699066877365,1.9996915924780017e-05,9.998457962390008e-05,0.00021918700031164917,0.6956394419999015,106,1613.56485539,1786043657.1400478
2160,0.24,0.0006813863292336464,1.999649103536319e-05,9.998245517681595e-05,0.00037560999999186606,0.9043763180002315,113,1620.879975129,1786043664.9013598
2170,0.24,0.0036474152002483606,1.999603874107446e-05,9.998019370537229e-05,0.00021384100000432227,0.7326648400003251,111,1627.973575649,1786043672.216618
2180,0.25,0.0026832311414182186,1.9995559043291586e-05,9.997779521645793e-05,0.0002604719998089422,0.715069343000323,115,1635.237797987,1786043679.3101313
2190,0.25,0.005639488808810711,1.9995051943475817e-05,9.997525971737909e-05,0.00023872700012361747,0.6812962529998003,111,1642.954463177,1786043686.5743916
2200,0.25,0.0018988469382748008,1.9994517443171863e-05,9.997258721585931e-05,0.0002438070000607695,0.7217078920002677,115,1650.335594455,1786043694.2911234
2210,0.25,0.0017757677705958486,1.9993955544007905e-05,9.996977772003952e-05,0.00019939399999202578,0.6867565539996576,107,1657.467558929,1786043701.6722717
2220,0.25,0.008807601407170296,1.9993366247695593e-05,9.996683123847795e-05,0.00021640899967678706,0.7048415100002785,119,1664.724960264,1786043708.8041477
2230,0.25,0.00496332673355937,1.9992749556030014e-05,9.996374778015008e-05,0.00022729300007995334,0.6949427279996598,113,1672.476828346,1786043716.0616322
2240,0.25,0.0023803722579032183,1.9992105470889727e-05,9.996052735444863e-05,0.00027266600000075414,0.8985796880001544,106,1679.567598619,1786043723.813161
2250,0.25,0.001553664798848331,1.9991433994236723e-05,9.99571699711836e-05,0.00023153600022851606,0.7041528600002493,112,1686.709094686,1786043730.9043317
2260,0.25,0.004726984538137913,1.9990735128116434e-05,9.995367564058216e-05,0.00024082300024019787,0.734362831999988,106,1694.055388896,1786043738.0457428
2270,0.26,0.00427597900852561,1.9990008874657733e-05,9.995004437328867e-05,0.00020057800020367722,0.72567957199999,110,1701.62022015,1786043745.3920553
2280,0.26,0.004596419632434845,1.998925523607291e-05,9.994627618036454e-05,0.00025107700002990896,0.7073876069998732,117,1708.83204223,1786043752.9568486
2290,0.26,0.00229795859195292,1.9988474214657677e-05,9.994237107328837e-05,0.00039000700007818523,0.7478131430002577,115,1715.885714906,1786043760.1682947
2300,0.26,0.001010941807180643,1.9987665812791165e-05,9.993832906395583e-05,0.0004970229997525166,0.6760135490003449,111,1723.26019554,1786043767.2223747
2310,0.26,0.0017378891352564096,1.9986830032935906e-05,9.993415016467953e-05,0.00021538600003623287,0.6917708329997367,108,1730.958475262,1786043774.5968578
2320,0.26,0.0021316076163202524,1.998596687763783e-05,9.992983438818914e-05,0.0002971240000988473,0.9033852180000395,109,1738.100820192,1786043782.2952685
2330,0.26,0.00877570640295744,1.9985076349526256e-05,9.992538174763127e-05,0.00020624499984478462,0.7062802700002067,113,1745.231954306,1786043789.4374695
2340,0.26,0.005611557047814131,1.9984158451313892e-05,9.992079225656945e-05,0.0002083029999084829,0.7256979600001614,113,1752.642531935,1786043796.5686285
2350,0.26,0.00026866907137446105,1.9983213185796803e-05,9.991606592898402e-05,0.00023197499967864132,0.7026781699996718,113,1760.553834854,1786043803.9791467
2360,0.27,0.0016650044126436114,1.9982240555854448e-05,9.991120277927223e-05,0.00034913099989353213,0.8950989529998878,111,1767.64429795,1786043811.8903947
2370,0.27,0.001919671194627881,1.9981240564449614e-05,9.990620282224807e-05,0.00021753500004706439,0.7241302880001967,111,1774.697795468,1786043818.9809813
2380,0.27,0.008890449069440365,1.9980213214628453e-05,9.990106607314226e-05,0.00020570900005623116,0.6835250859999178,113,1781.815604068,1786043826.034406
2390,0.27,0.004510343540459871,1.997915850952045e-05,9.989579254760224e-05,0.0003988540001955698,0.7013677859999916,115,1790.194561957,1786043833.152217
2400,0.27,0.003787612309679389,1.997807645233842e-05,9.989038226169209e-05,0.00021169499996176455,0.6878892009999618,107,1797.229309522,1786043841.531208
2410,0.27,0.005252327769994736,1.9976967046378498e-05,9.988483523189249e-05,0.0002861329999177542,0.6875154890003614,110,1804.2710044,1786043848.5658982
2420,0.27,0.008036897517740726,1.9975830295020124e-05,9.987915147510062e-05,0.0003359899997121829,0.732585373999882,113,1811.553724408,1786043855.6075428
2430,0.27,0.006402819883078337,1.9974666201726044e-05,9.987333100863023e-05,0.00022842599992145551,0.9050757280001562,106,1819.612661793,1786043862.890351
2440,0.27,0.005371836945414543,1.9973474770042284e-05,9.986737385021142e-05,0.00023100099997463985,0.7247714309996809,108,1826.703263463,1786043870.949324
2450,0.28,0.003084962721914053,1.9972256003598153e-05,9.986128001799077e-05,0.0002192129995819414,0.7080538390000584,115,1833.904469922,1786043878.0398946
2460,0.28,0.0012802154524251819,1.9971009906106228e-05,9.985504953053114e-05,0.00020775600023625884,0.6892395680001755,109,1841.018538811,1786043885.2409441
2470,0.28,0.0041555981151759624,1.996973648136233e-05,9.984868240681164e-05,0.00045461699983206927,0.6882848789996387,109,1848.938433258,1786043892.3552036
2480,0.28,0.002625487046316266,1.9968435733245542e-05,9.98421786662277e-05,0.00020940600006724708,0.6901306039999326,113,1855.994192181,1786043900.275024
2490,0.28,0.001827826490625739,1.996710766571816e-05,9.983553832859078e-05,0.0002625749998514948,0.6927373959997567,114,1863.007329187,1786043907.3307693
2500,0.28,0.0019123173551633954,1.9965752282825714e-05,9.982876141412856e-05,0.000602569999955449,0.6889420759998757,116,1870.069716773,1786043914.3440042
2510,0.28,0.0016342761227861047,1.9964369588696928e-05,9.982184794348464e-05,0.0001985049998438626,0.6802404270001716,106,1878.251923254,1786043921.406341
2520,0.28,0.003456323640421033,1.9962959587543733e-05,9.981479793771866e-05,0.00020520999987638788,0.6958579070001178,115,1885.48073619,1786043929.588492
2530,0.28,0.0032753939740359783,1.996152228366124e-05,9.98076114183062e-05,0.00022096899965617922,0.749945463000131,112,1892.554244965,1786043936.8173602
2540,0.29,0.003013920271769166,1.996005768142772e-05,9.980028840713861e-05,0.00020556099980240106,0.7185698950002006,114,1899.570590547,1786043943.8908708
2550,0.29,0.0017533105565235019,1.995856578530461e-05,9.979282892652305e-05,0.00019840599998133257,0.710715882000386,110,1907.568795086,1786043950.9072611
2560,0.29,0.0026807463727891445,1.995704659983648e-05,9.97852329991824e-05,0.00020688699987658765,0.707555905999925,117,1914.65613437,1786043958.9054353
2570,0.29,0.010071808472275734,1.995550012965104e-05,9.97775006482552e-05,0.00027128000010634423,0.7124630749999596,115,1921.773316363,1786043965.9928036
2580,0.29,0.003311796812340617,1.9953926379459095e-05,9.976963189729547e-05,0.00020646500024668057,0.7095567060000576,108,1928.876845658,1786043973.1099732
2590,0.29,0.0048467423766851425,1.9952325354054568e-05,9.976162677027284e-05,0.0002129230001628457,0.8367719410002792,105,1936.989564537,1786043980.213432
2600,0.29,0.009013851173222065,1.995069705831446e-05,9.97534852915723e-05,0.00020283599997128476,0.7122779219998847,103,1944.093831738,1786043988.3261943
2610,0.29,0.0014276879373937845,1.9949041497198844e-05,9.974520748599422e-05,0.00020483499974943697,0.7251177429998279,120,1951.247780236,1786043995.4304843
2620,0.29,0.008021397516131401,1.994735867575084e-05,9.97367933787542e-05,0.00023371399993266095,0.6962173540000549,116,1958.443464346,1786044002.5844355
2630,0.3,0.0005848079454153776,1.994564859909662e-05,9.97282429954831e-05,0.0002078380002785707,0.8960926470003869,109,1966.656148985,1786044009.7801447
2640,0.3,0.009400096721947193,1.994391127244537e-05,9.971955636222684e-05,0.00021420200027932879,0.9065501059999406,111,1973.734679644,1786044017.9929245
2650,0.3,0.001652179635129869,1.9942146701089288e-05,9.971073350544644e-05,0.000404729000365478,0.6988312950002182,111,1980.827448024,1786044025.0713427
2660,0.3,0.006434150505810976,1.994035489040357e-05,9.970177445201784e-05,0.00021572000014202786,0.6870500099998935,111,1987.988832998,1786044032.1638296
2670,0.3,0.0009778053499758244,1.9938535845846377e-05,9.96926792292319e-05,0.00038916899984542397,0.7100288560000081,111,1996.186871409,1786044039.3254826
2680,0.3,0.007529205642640591,1.9936689572958834e-05,9.968344786479416e-05,0.00021482400006789248,0.7257276639998054,113,2003.359883386,1786044047.5235376
2690,0.3,0.0011172632221132517,1.9934816077365013e-05,9.967408038682505e-05,0.0002785840001706674,0.7288351449997208,110,2010.59251841,1786044054.6965094
2700,0.3,0.0019405704224482179,1.99329153647719e-05,9.96645768238595e-05,0.00020584599997164332,0.7543723119997594,107,2017.772442862,1786044061.9291866
2710,0.31,0.0024495087563991547,1.9930987440969402e-05,9.9654937204847e-05,0.0004539080000540707,0.706185959999857,112,2025.566929341,1786044069.1091216
2720,0.31,0.008707948960363865,1.9929032311830303e-05,9.964516155915151e-05,0.0002032300003520504,0.6956121089997396,116,2032.952871662,1786044076.9037023
2730,0.31,0.0012613353319466114,1.992704998331027e-05,9.963524991655134e-05,0.0002592420000837592,0.7207463609997831,107,2040.110822982,1786044084.2894967
2740,0.31,0.002662467770278454,1.9925040461447814e-05,9.962520230723906e-05,0.0005770220000158588,0.7276726449999842,110,2047.638633603,1786044091.4475064
2750,0.31,0.004435974173247814,1.9923003752364297e-05,9.961501876182148e-05,0.0004152639999119856,0.8700338160001593,116,2055.454388971,1786044098.975248
2760,0.31,0.002233704086393118,1.9920939862263878e-05,9.960469931131939e-05,0.00020937899989803554,0.7055895450002936,119,2062.710825754,1786044106.7910311
2770,0.31,0.000793488638009876,1.9918848797433528e-05,9.959424398716764e-05,0.00021644100024786894,0.7218860359998871,109,2069.790033409,1786044114.0473537
2780,0.31,0.004834666382521391,1.9916730564242996e-05,9.958365282121497e-05,0.0002801659998112882,0.6838001410001198,108,2076.988426339,1786044121.1267102
2790,0.31,0.0015525580383837223,1.991458516914478e-05,9.957292584572391e-05,0.000426983000124892,0.7305264279998482,104,2084.952600093,1786044128.325093
2800,0.32,0.0009315970819443464,1.9912412618674134e-05,9.956206309337068e-05,0.0002098360000672983,0.7608911119996264,110,2092.27574579,1786044136.2891111
2810,0.32,0.006089195143431425,1.991021291944902e-05,9.95510645972451e-05,0.0002730459996200807,0.680449727999985,114,2099.400802305,1786044143.6124437
2820,0.32,0.0025365338660776615,1.99079860781701e-05,9.95399303908505e-05,0.00024235499995484133,0.6820857410002645,108,2106.991240019,1786044150.7372284
2830,0.32,0.004520075395703316,1.9905732101620727e-05,9.952866050810363e-05,0.00029264299973874586,1.00087705299984,104,2114.376326068,1786044158.3278384
2840,0.32,0.004665377549827099,1.9903450996666898e-05,9.951725498333448e-05,0.00020329500011939672,0.7058569949999765,111,2121.604404592,1786044165.7129216
2850,0.32,0.0006558672175742686,1.9901142770257254e-05,9.950571385128626e-05,0.00020430899985512951,0.686995857999591,108,2128.743412889,1786044172.9410646
2860,0.32,0.003139429958537221,1.9898807429423054e-05,9.949403714711527e-05,0.000221853999846644,0.7100180770003135,105,2136.226438633,1786044180.0800843
2870,0.32,0.0005663041956722736,1.9896444981278154e-05,9.948222490639076e-05,0.0002790019998428761,0.7347588849997919,109,2143.813521439,1786044187.563073
2880,0.32,0.004413388203829527,1.9894055433018977e-05,9.947027716509488e-05,0.0001961210000445135,0.7203812890002155,114,2151.149374285,1786044195.1500914
2890,0.33,0.0012619521003216505,1.9891638791924504e-05,9.945819395962251e-05,0.00022686000011162832,0.7231781969999247,117,2158.208980056,1786044202.4859815
2900,0.33,0.005368337035179138,1.988919506535624e-05,9.94459753267812e-05,0.00022808799985796213,0.7300903159998597,109,2166.044637354,1786044209.5457616
2910,0.33,0.008242924697697163,1.9886724260758205e-05,9.943362130379103e-05,0.000222625999867887,0.8384253839999474,111,2173.516536628,1786044217.3813186
2920,0.33,0.002405380131676793,1.9884226385656892e-05,9.942113192828445e-05,0.0007137329998840869,0.686307652999858,112,2180.812079042,1786044224.8531582
2930,0.33,0.010579281486570835,1.9881701447661266e-05,9.940850723830632e-05,0.00022400500029107207,0.7281359970002086,117,2187.841450081,1786044232.148744
2940,0.33,0.0015714267501607537,1.9879149454462726e-05,9.939574727231363e-05,0.00021714800004701829,0.7118261440000424,108,2195.555118508,1786044239.1780853
2950,0.33,0.023650750517845154,1.9876570413835084e-05,9.938285206917541e-05,0.0002058219997707056,0.9067143190000024,114,2202.951434079,1786044246.8917334
2960,0.33,0.005400038789957762,1.9873964333634546e-05,9.936982166817273e-05,0.0002355679998800042,0.7008397399999922,110,2210.271437729,1786044254.2880306
2970,0.33,0.002610735595226288,1.9871331221799682e-05,9.935665610899842e-05,0.00024269100003948552,0.7280614440001045,112,2217.397096518,1786044261.6080444
2980,0.34,0.004628811031579971,1.9868671086351413e-05,9.934335543175707e-05,0.00028653000026679365,0.6914832299999034,113,2225.003035376,1786044268.733691
2990,0.34,0.0004099221550859511,1.9865983935392967e-05,9.932991967696483e-05,0.00024703400004000287,0.7294179900000017,105,2232.316330889,1786044276.3396735
3000,0.34,0.0037574628368020058,1.9863269777109875e-05,9.931634888554937e-05,0.00027084500015917,0.7244821409999531,119,2239.696542124,1786044283.6528854
3010,0.34,0.004735620226711035,1.986052861976993e-05,9.930264309884965e-05,0.00022593899984713062,0.6892353140001433,110,2246.783142691,1786044291.0331182
3020,0.34,0.0036433953791856766,1.9857760471723177e-05,9.928880235861588e-05,0.00021485300021595322,0.7227113320000171,110,2254.523926933,1786044298.119813
3030,0.34,0.002858235966414213,1.9854965341401874e-05,9.927482670700937e-05,0.00020357499988676864,0.6776994870001545,116,2261.895477387,1786044305.860544
3040,0.34,0.006067017558962107,1.9852143237320475e-05,9.926071618660238e-05,0.00019576000022425433,0.7114578880000408,113,2269.226473199,1786044313.2320967
3050,0.34,0.0019109281711280346,1.9849294168075596e-05,9.924647084037798e-05,0.0002142650000678259,0.7238536190002378,110,2276.222614222,1786044320.5631464
3060,0.34,0.0026973469648510218,1.984641814234599e-05,9.923209071172994e-05,0.0002062579997073044,0.6860983510000551,111,2284.048266344,1786044327.559173
3070,0.35,0.0011319590266793966,1.9843515168892537e-05,9.921757584446269e-05,0.00022044399975129636,0.7170411130000502,103,2291.566162913,1786044335.3849683
3080,0.35,0.0027804651763290167,1.98405852565582e-05,9.920292628279099e-05,0.000208126999950764,0.701052116000028,112,2298.595498276,1786044342.9027345
3090,0.35,0.0026639129500836134,1.9837628414267997e-05,9.918814207133998e-05,0.000537979999990057,0.7074792200000957,117,2305.859934906,1786044349.9321826
3100,0.35,0.00740289269015193,1.983464465102898e-05,9.917322325514489e-05,0.00042223200034641195,0.7098560819999875,116,2313.436694122,1786044357.1964517
3110,0.35,0.003918890375643969,1.9831633975930208e-05,9.915816987965102e-05,0.0002225729999736359,0.6988820980000128,112,2320.795881682,1786044364.7733414
3120,0.35,0.00043617418850772083,1.9828596398142725e-05,9.914298199071362e-05,0.0003003350002472871,0.6960236899999472,113,2328.085115311,1786044372.1325169
3130,0.35,0.0007987277349457145,1.9825531926919518e-05,9.912765963459758e-05,0.00023061199999574455,0.7349514669999735,113,2335.449120381,1786044379.4217546
3140,0.35,0.004241828806698322,1.98224405715955e-05,9.911220285797748e-05,0.00020971200001440593,0.7365955790000953,111,2343.574130013,1786044386.7858906
3150,0.35,0.008385046385228634,1.9819322341587468e-05,9.909661170793734e-05,0.0002187589998356998,0.9775905530000273,103,2350.725555138,1786044394.910573
3160,0.36,0.001682020490989089,1.9816177246394097e-05,9.908088623197048e-05,0.00020071400012966478,0.7332849489998807,106,2357.844054109,1786044402.0621443
3170,0.36,0.0014850000152364373,1.9813005295595893e-05,9.906502647797946e-05,0.00021924700013187248,0.7083922140000141,117,2365.197926741,1786044409.1806564
3180,0.36,0.004868458490818739,1.9809806498855166e-05,9.904903249427583e-05,0.00022408199993151356,0.7185172969998348,116,2373.377437708,1786044416.5345874
3190,0.36,0.003204724984243512,1.9806580865916008e-05,9.903290432958003e-05,0.0005318060002537095,0.9549893240000529,107,2380.675443705,1786044424.7139971
3200,0.36,0.00819368939846754,1.9803328406604252e-05,9.901664203302126e-05,0.00036500099986369605,0.6814880169999924,114,2387.742840393,1786044432.0120475
3210,0.36,0.007810836657881737,1.980004913082746e-05,9.900024565413728e-05,0.0001991159997487557,0.724677138000061,109,2394.986931264,1786044439.079529
3220,0.36,0.0037113602738827467,1.9796743048574863e-05,9.898371524287432e-05,0.00018451999994795187,0.6877460210002937,119,2402.820834805,1786044446.323464
3230,0.36,0.009980957955121994,1.9793410169917374e-05,9.896705084958687e-05,0.00021026000013080193,0.8752650750002431,111,2410.094656834,1786044454.1574326
3240,0.36,0.0019615143537521362,1.9790050505007513e-05,9.895025252503756e-05,0.00020986100025766063,0.7014582700003302,107,2417.180531605,1786044461.4313142
3250,0.37,0.009447155520319939,1.97866640640794e-05,9.893332032039701e-05,0.00040957100009109126,0.7525592240003789,112,2424.472249533,1786044468.517234
3260,0.37,0.03338000550866127,1.978325085744873e-05,9.891625428724363e-05,0.0002450459996907739,0.7128827159999673,113,2432.313303072,1786044475.8087986
3270,0.37,0.0030098913703113794,1.977981089551271e-05,9.889905447756355e-05,0.0002154989997507073,0.7058052659999703,109,2439.421997886,1786044483.6498153
3280,0.37,0.00201797834597528,1.977634418875007e-05,9.888172094375034e-05,0.000215748000300664,0.6849972139998499,113,2446.491634047,1786044490.7586286
3290,0.37,0.0035102732945233583,1.9772850747721e-05,9.886425373860498e-05,0.0003086490000896447,0.7185626079999565,114,2453.660187777,1786044497.8282728
3300,0.37,0.0024861940182745457,1.976933058306712e-05,9.884665291533559e-05,0.00020936800001436495,0.7033749339998394,106,2461.611620537,1786044504.996817
3310,0.37,0.0007909255218692124,1.976578370551147e-05,9.882891852755733e-05,0.00022103299988884828,0.7422350060001008,105,2469.012218286,1786044512.948157
3320,0.37,0.009784521535038948,1.9762210125858443e-05,9.881105062929221e-05,0.0002488939999238937,0.7099079019999408,105,2476.068074622,1786044520.3487577
3330,0.37,0.010492360219359398,1.9758609854993795e-05,9.879304927496898e-05,0.00022723199981555808,0.6910902320000787,109,2483.144462589,1786044527.4047816
3340,0.38,0.004956303630024195,1.9754982903884573e-05,9.877491451942285e-05,0.0006486360002782021,0.6998014680002598,112,2491.352327745,1786044534.4812357
3350,0.38,0.007009434979408979,1.975132928357909e-05,9.875664641789545e-05,0.00022097400005804957,0.8711284480000359,112,2498.531745883,1786044542.6889017
3360,0.38,0.0007489316631108522,1.974764900520692e-05,9.87382450260346e-05,0.00020731000040541403,0.7247984089999591,110,2505.59809319,1786044549.8683019
3370,0.38,0.010182750411331654,1.9743942079978817e-05,9.871971039989408e-05,0.0002106169999933627,0.7066826830000537,106,2512.706067251,1786044556.9347658
3380,0.38,0.006064436864107847,1.9740208519186724e-05,9.870104259593362e-05,0.00021530499998334562,0.6986915779998526,103,2520.917920955,1786044564.0425892
3390,0.38,0.0023446334525942802,1.9736448334203718e-05,9.86822416710186e-05,0.00023460800002794713,0.7274590590000116,116,2527.993140276,1786044572.2544415
3400,0.38,0.005189108662307262,1.973266153648397e-05,9.866330768241984e-05,0.00024105900001814007,0.7015287250001165,113,2535.220953348,1786044579.3297439
3410,0.38,0.0019965393003076315,1.9728848137562722e-05,9.864424068781362e-05,0.00020821699990847264,0.6955391209999107,115,2542.433111619,1786044586.557597
3420,0.39,0.005347771104425192,1.9725008149056254e-05,9.862504074528127e-05,0.00035820899984173593,0.7021102329999849,108,2550.658124077,1786044593.7696748
3430,0.39,0.0016269611660391092,1.9721141582661827e-05,9.860570791330913e-05,0.00029694600016227923,0.7048051349997877,108,2557.952860579,1786044601.994762
3440,0.39,0.0013885681983083487,1.9717248450157682e-05,9.858624225078841e-05,0.0002447649999339774,0.7060966690000896,107,2565.045805594,1786044609.2895195
3450,0.39,0.0023968047462403774,1.9713328763402972e-05,9.856664381701484e-05,0.0002192360002482019,0.7271564229999967,117,2572.260043465,1786044616.382494
3460,0.39,0.004095088690519333,1.9709382534337743e-05,9.854691267168871e-05,0.0002970720001940208,0.8595476720001898,107,2580.240409481,1786044623.5966756
3470,0.39,0.0010643508285284042,1.9705409774982892e-05,9.852704887491446e-05,0.0003737239999281883,0.7187509539999155,113,2587.440829249,1786044631.5769675
3480,0.39,0.002320745727047324,1.9701410497440137e-05,9.850705248720069e-05,0.00023236500010170857,0.7223362569998244,107,2594.400476867,1786044638.7773957
3490,0.39,0.00186027807649225,1.9697384713891967e-05,9.848692356945983e-05,0.0005324379999365192,0.700249791999795,109,2601.646679751,1786044645.73707
3500,0.39,0.0022859342861920595,1.9693332436601616e-05,9.846666218300807e-05,0.0002593499998511106,0.6996180470000581,115,2609.920277323,1786044652.983358
3510,0.4,0.0018108963267877698,1.9689253677913027e-05,9.844626838956513e-05,0.00023454100028175162,0.7047767479998583,109,2617.107423724,1786044661.2566824
3520,0.4,0.0010762279853224754,1.9685148450250802e-05,9.842574225125401e-05,0.0002196840000578959,0.7576071079997746,113,2624.225230845,1786044668.4440808
3530,0.4,0.007422742433845997,1.9681016766120183e-05,9.840508383060093e-05,0.000198609000108263,0.7293329409999387,108,2631.479173919,1786044675.5620205
3540,0.4,0.00223069847561419,1.9676858638106992e-05,9.838429319053496e-05,0.00042714099981822073,0.8766960989996733,106,2639.586118389,1786044682.815811
3550,0.4,0.0037181286606937647,1.9672674078877607e-05,9.836337039438803e-05,0.00021344800006772857,0.9872854319996804,103,2646.697810947,1786044690.9227495
3560,0.4,0.0022647790610790253,1.9668463101178924e-05,9.834231550589462e-05,0.00026034699976662523,0.7228524960000868,113,2653.828492144,1786044698.0343707
3570,0.4,0.0012405557790771127,1.966422571783831e-05,9.832112858919155e-05,0.0002233899999737332,0.7557986069996332,110,2661.007291187,1786044705.1650548
3580,0.4,0.010358540341258049,1.965996194176357e-05,9.829980970881785e-05,0.00025611699993532966,0.8442429080000693,112,2668.905519487,1786044712.3439796
3590,0.4,0.002833771286532283,1.96556717859429e-05,9.82783589297145e-05,0.0002159710002160864,0.6920644699998775,111,2676.319082944,1786044720.2421987
3600,0.41,0.002061872510239482,1.965135526344487e-05,9.825677631722435e-05,0.0006273710000641586,0.6975802990000375,112,2683.33183817,1786044727.6555326
3610,0.41,0.0008368605631403625,1.9647012387418348e-05,9.823506193709174e-05,0.00022713399994245265,0.6940595260002738,103,2690.822165624,1786044734.6684449
3620,0.41,0.0008548091864213347,1.9642643171092488e-05,9.821321585546244e-05,0.0002231779999419814,0.90177265300008,110,2698.651248327,1786044742.1588356
3630,0.41,0.002421766519546509,1.9638247627776683e-05,9.819123813888342e-05,0.00020261600002413616,0.9211540090000199,110,2705.692656928,1786044749.987894
3640,0.41,0.0015105226775631309,1.9633825770860518e-05,9.816912885430258e-05,0.00028349200010779896,0.7021231300000181,108,2712.708804506,1786044757.0293257
3650,0.41,0.001470915274694562,1.9629377613813737e-05,9.814688806906869e-05,0.0002042539999820292,0.7165321739998944,110,2719.946497384,1786044764.0454514
3660,0.41,0.0008084916044026613,1.96249031701862e-05,9.812451585093099e-05,0.0002947130001302867,0.7059514239999771,104,2728.087126542,1786044771.2832744
3670,0.41,0.003501350060105324,1.9620402453607836e-05,9.810201226803918e-05,0.00022530700016432093,0.7491867649996493,114,2735.329803615,1786044779.4237494
3680,0.41,0.0023855622857809067,1.9615875477788607e-05,9.807937738894303e-05,0.00021424699980343576,0.683758404999935,113,2742.568305412,1786044786.666376
3690,0.42,0.004669031593948603,1.961132225651847e-05,9.805661128259235e-05,0.00023875199985923246,0.6825261580002007,106,2749.830230563,1786044793.904945
3700,0.42,0.0013263304717838764,1.960674280366732e-05,9.80337140183366e-05,0.0005268800000521878,0.7349861299999247,116,2757.544718512,1786044801.1669366
3710,0.42,0.00637831911444664,1.960213713318497e-05,9.801068566592485e-05,0.00023676199998590164,0.7290734429998338,115,2764.800461828,1786044808.8813863
3720,0.42,0.0034873196855187416,1.9597505259101094e-05,9.798752629550546e-05,0.0002250440002171672,0.7138377609999225,106,2771.931198985,1786044816.1371243
3730,0.42,0.004139833617955446,1.959284719552518e-05,9.79642359776259e-05,0.00019878100010828348,0.7030279949999567,112,2779.297577223,1786044823.2678387
3740,0.42,0.005220151972025633,1.958816295664649e-05,9.794081478323246e-05,0.0001988240001082886,0.9991903889999776,114,2786.683284894,1786044830.634191
3750,0.42,0.0033272886648774147,1.9583452556734043e-05,9.791726278367022e-05,0.00021258400010992773,0.6930347499996969,114,2793.982744645,1786044838.019827
3760,0.42,0.001174745848402381,1.9578716010136524e-05,9.789358005068262e-05,0.00020904299981339136,0.678753947000132,118,2800.981967768,1786044845.319367
3770,0.42,0.0028757539112120867,1.9573953331282277e-05,9.786976665641139e-05,0.00020694699969681096,0.6967462610000439,115,2808.459269234,1786044852.3186293
3780,0.43,0.0037117619067430496,1.956916453467925e-05,9.784582267339624e-05,0.00023603099998581456,0.6843674040001133,112,2816.452193129,1786044859.795941
3790,0.43,0.008385753259062767,1.9564349634914944e-05,9.782174817457473e-05,0.00025413299999854644,0.7100264860000607,113,2823.686972908,1786044867.7888293
3800,0.43,0.01945721171796322,1.9559508646656384e-05,9.779754323328192e-05,0.0002700430000004417,0.6870834709998235,112,2830.768669832,1786044875.0235162
3810,0.43,0.004125466104596853,1.9554641584650055e-05,9.777320792325026e-05,0.00020930100026816945,0.6805222890002369,111,2838.420802154,1786044882.1052294
3820,0.43,0.0019079315243288875,1.9549748463721873e-05,9.774874231860936e-05,0.0002274359999319131,0.8462084390002929,114,2845.929294287,1786044889.7574365
3830,0.43,0.0013866557274013758,1.9544829298777136e-05,9.772414649388568e-05,0.00020303900009821518,0.68685754299986,112,2853.269464366,1786044897.2658868
3840,0.43,0.0026881687808781862,1.953988410480047e-05,9.769942052400235e-05,0.00020978400016247178,0.9349000020001768,110,2860.340995012,1786044904.6060302
3850,0.43,0.001442316104657948,1.9534912896855796e-05,9.767456448427897e-05,0.00023585000008097268,0.6796975360002762,112,2867.980914005,1786044911.6776688
3860,0.43,0.002219848334789276,1.9529915690086275e-05,9.764957845043137e-05,0.00023994699995455449,0.7430682730000626,117,2875.726089923,1786044919.317563
3870,0.44,0.0011311726411804557,1.952489249971426e-05,9.762446249857131e-05,0.00022537399991051643,0.728179476999685,107,2882.959177642,1786044927.0628552
3880,0.44,0.00041682535083964467,1.951984334104127e-05,9.759921670520634e-05,0.0001882899996417109,0.7037235660000078,114,2890.066810611,1786044934.2957814
3890,0.44,0.009720434434711933,1.9514768229447907e-05,9.757384114723954e-05,0.0002233870000054594,0.7129752079999889,108,2897.706511907,1786044941.4033153
3900,0.44,0.005963944364339113,1.9509667180393854e-05,9.754833590196927e-05,0.00021323000009942916,0.8679156279999916,114,2905.391289215,1786044949.0430684
3910,0.44,0.0018705216934904456,1.950454020941778e-05,9.752270104708889e-05,0.0002088960000037332,0.7512634570002774,112,2912.513277324,1786044956.7279482
3920,0.44,0.002365793799981475,1.949938733213733e-05,9.749693666068664e-05,0.0002195239999309706,0.6881735390002177,113,2919.763603521,1786044963.8499596
3930,0.44,0.0010945856338366866,1.9494208564249066e-05,9.747104282124533e-05,0.0005169989999558311,0.706817208999837,107,2927.547304759,1786044971.1002207
3940,0.44,0.00400393083691597,1.9489003921528408e-05,9.744501960764203e-05,0.00021130799996171845,0.7085356309999042,116,2935.058071144,1786044978.883942
3950,0.44,0.0013529721181839705,1.9483773419829608e-05,9.741886709914804e-05,0.00020820400004595285,0.7379736390003018,110,2942.197848981,1786044986.3946564
3960,0.45,0.0029236935079097748,1.9478517075085672e-05,9.739258537542835e-05,0.00021347399979276815,0.7164671370001088,114,2949.550319052,1786044993.5343118
3970,0.45,0.004568538162857294,1.9473234903308344e-05,9.736617451654171e-05,0.00020533799988697865,0.6763058320002528,111,2957.321293412,1786045000.8869753
3980,0.45,0.0021509751677513123,1.9467926920588033e-05,9.733963460294015e-05,0.00022137999985716306,0.6983084030002829,105,2964.719505797,1786045008.657967
3990,0.45,0.004283989779651165,1.946259314309377e-05,9.731296571546885e-05,0.00020173600023554172,0.7178510690000621,111,2971.840783411,1786045016.0560548
4000,0.45,0.003138521919026971,1.9457233587073177e-05,9.728616793536588e-05,0.00040628599981573643,0.7229198319996613,110,3003.636884033,1786045023.1774414
4010,0.45,0.00317664397880435,1.945184826885238e-05,9.72592413442619e-05,0.00020843999982389505,0.7349323710000135,115,3011.466228639,1786045054.9735303
4020,0.45,0.0012424715096130967,1.9446437204836004e-05,9.723218602418002e-05,0.0002072059996862663,0.890804216000106,108,3018.951177626,1786045062.8028877
4030,0.45,0.0029798843897879124,1.944100041150708e-05,9.72050020575354e-05,0.00040299600004800595,0.7164260660001673,111,3026.068979205,1786045070.2877781
4040,0.45,0.008819956332445145,1.9435537905427028e-05,9.717768952713513e-05,0.0002496359998076514,0.6962699509999766,113,3033.31729995,1786045077.4052467
4050,0.46,0.0029707772191613913,1.9430049703235582e-05,9.71502485161779e-05,0.0002212439999311755,0.7251689720001195,116,3041.062058229,1786045084.653856
4060,0.46,0.0006192762521095574,1.9424535821650764e-05,9.712267910825381e-05,0.00022112100032245507,0.7265804989997378,114,3048.504293262,1786045092.398682
4070,0.46,0.001843101461417973,1.941899627746881e-05,9.709498138734405e-05,0.00022189400033312268,0.6818435639997915,106,3055.624889552,1786045099.840966
4080,0.46,0.000678338052239269,1.941343108756413e-05,9.706715543782064e-05,0.00024532499992346857,0.6945992329997352,111,3062.852353285,1786045106.9615192
4090,0.46,0.01602366752922535,1.9407840268889268e-05,9.703920134444633e-05,0.0002026870001827774,0.6833819399998902,108,3070.125043367,1786045114.1889532
4100,0.46,0.004259053617715836,1.9402223838474816e-05,9.701111919237408e-05,0.0001996839996536437,0.7184914360000221,107,3077.440091359,1786045121.461725
4110,0.46,0.006334902718663216,1.9396581813429403e-05,9.698290906714703e-05,0.000212778999866714,0.6965335899999445,115,3084.659046364,1786045128.7768817
4120,0.46,0.007023925427347422,1.939091421093961e-05,9.695457105469806e-05,0.00022984499992162455,0.7265869539996856,108,3091.996016556,1786045135.9955568
4130,0.46,0.008368256501853466,1.938522104826994e-05,9.69261052413497e-05,0.00021009300007790443,0.695549506000134,113,3099.876528652,1786045143.3325324
4140,0.47,0.0024328469298779964,1.9379502342762756e-05,9.689751171381378e-05,0.0004400900002110575,0.874221406000288,116,3107.16552532,1786045151.213197
4150,0.47,0.009130981750786304,1.9373758111838225e-05,9.686879055919112e-05,0.00022694200015394017,0.6795331020002777,115,3114.207016536,1786045158.5021696
4160,0.47,0.004248035605996847,1.9367988372994264e-05,9.683994186497132e-05,0.00021496599993042764,0.6869992629999615,110,3121.545922232,1786045165.5436475
4170,0.47,0.0023598226252943277,1.9362193143806506e-05,9.681096571903254e-05,0.0002515609999136359,0.6993415410001944,120,3129.422292985,1786045172.88255
4180,0.47,0.007036023773252964,1.9356372441928225e-05,9.678186220964112e-05,0.0002085090000036871,0.8721856259999186,113,3136.66882395,1786045180.7587955
4190,0.47,0.0008687470690347254,1.9350526285090282e-05,9.67526314254514e-05,0.0002172089998566662,0.6752185249997638,119,3143.792974563,1786045188.0053473
4200,0.47,0.0013803135370835662,1.934465469110109e-05,9.672327345550543e-05,0.00021888600031161332,0.7060652329996628,102,3151.162758441,1786045195.12964
4210,0.47,0.005997188854962587,1.9338757677846537e-05,9.669378838923267e-05,0.00020224199988660985,0.722121634999894,112,3158.894269896,1786045202.4989688
4220,0.48,0.0024115792475640774,1.9332835263289954e-05,9.666417631644977e-05,0.0008856750000632019,0.7033552909997525,111,3166.045090095,1786045210.2308738
4230,0.48,0.0010574650950729847,1.9326887465472042e-05,9.663443732736021e-05,0.00019909899992853752,0.6814244580000377,113,3173.134900171,1786045217.3817337
4240,0.48,0.0007503571687266231,1.932091430251082e-05,9.66045715125541e-05,0.00023659699991185335,0.7164470349998737,105,3180.347724187,1786045224.47152
4250,0.48,0.003985147457569838,1.931491579260158e-05,9.657457896300791e-05,0.00021750699988842825,0.683576231999723,115,3188.105440877,1786045231.6844313
4260,0.48,0.013167238794267178,1.930889195401683e-05,9.654445977008415e-05,0.00033926500009329175,0.7260692659997403,108,3195.374529828,1786045239.4420466
4270,0.48,0.0037918107118457556,1.9302842805106218e-05,9.65142140255311e-05,0.0003805189999184222,0.7239175830000022,113,3202.396254691,1786045246.7112367
4280,0.48,0.0020340357441455126,1.9296768364296504e-05,9.648384182148252e-05,0.0002464710000822379,0.7009763350001776,103,3209.693833412,1786045253.7329226
4290,0.48,0.0009928306099027395,1.9290668650091492e-05,9.645334325045746e-05,0.00021491000006790273,0.9184222470003078,106,3217.626683646,1786045261.0305061
4300,0.48,0.005458278581500053,1.9284543681071965e-05,9.642271840535982e-05,0.00021740100009992602,0.6816185500001666,106,3224.86634813,1786045268.9631584
4310,0.49,0.0032539668027311563,1.9278393475895642e-05,9.63919673794782e-05,0.0008310149996759719,0.694723119000173,112,3231.944008445,1786045276.202851
4320,0.49,0.003340539988130331,1.9272218053297113e-05,9.636109026648555e-05,0.0008082630001808866,0.6873124319999988,110,3239.191357997,1786045283.2806559
4330,0.49,0.0014303236966952682,1.9266017432087788e-05,9.633008716043894e-05,0.0004681760001403745,0.6992186789998414,113,3247.257930284,1786045290.52799
4340,0.49,0.005179140716791153,1.925979163115583e-05,9.629895815577916e-05,0.0002728129998104123,0.8895194869996885,112,3254.34303902,1786045298.594544
4350,0.49,0.0009520782623440027,1.9253540669466118e-05,9.626770334733058e-05,0.00025623100009397604,0.7175102629998946,111,3261.392795864,1786045305.6797159
4360,0.49,0.0011884040432050824,1.9247264566060158e-05,9.623632283030079e-05,0.000255569000273681,0.7151520760003223,106,3268.712144091,1786045312.7293618
4370,0.49,0.0018756204517558217,1.9240963340056054e-05,9.620481670028027e-05,0.00022539300016433117,0.8535584780001955,113,3276.295500338,1786045320.0488064
4380,0.49,0.005937487818300724,1.9234637010648426e-05,9.617318505324211e-05,0.00021860700007891865,0.7071843240000817,113,3283.661908048,1786045327.6320055
4390,0.49,0.01160866767168045,1.9228285597108374e-05,9.614142798554186e-05,0.0003573700000742974,0.6852843309998207,103,3290.822142196,1786045334.9983366
4400,0.5,0.00864778645336628,1.922190911878341e-05,9.610954559391703e-05,0.0004939430000376888,0.7215056369996091,110,3298.086305037,1786045342.1588173
4410,0.5,0.0008867262513376772,1.9215507595097388e-05,9.607753797548693e-05,0.00020714699985546758,0.9164180470002066,104,3305.957079856,1786045349.4229403
4420,0.5,0.0103345001116395,1.9209081045550457e-05,9.604540522775228e-05,0.00021284000013110926,0.8841622830000233,116,3313.101972898,1786045357.293746
4430,0.5,0.0026303438935428858,1.9202629489719008e-05,9.601314744859504e-05,0.0003504759997667861,0.7023318569999901,105,3320.232113257,1786045364.4386468
4440,0.5,0.004601221065968275,1.9196152947255596e-05,9.598076473627798e-05,0.0001997680001295521,0.7153075699998226,105,3327.284646244,1786045371.568712
4450,0.5,0.0005889567546546459,1.918965143788889e-05,9.594825718944445e-05,0.0003057829999306705,0.7211922710002909,110,3335.120805854,1786045378.6212785
4460,0.5,0.0019151701126247644,1.918312498142362e-05,9.59156249071181e-05,0.00023074199998518452,0.6980231160000585,103,3342.227238393,1786045386.456998
4470,0.5,0.0027234316803514957,1.9176573597740497e-05,9.588286798870248e-05,0.00024024499998631654,0.6977380980001726,108,3349.354597353,1786045393.5634549
4480,0.5,0.005951505620032549,1.916999730679618e-05,9.58499865339809e-05,0.00021877100016354234,0.7099042380000355,113,3356.64810612,1786045400.6912198
4490,0.51,0.002048550872132182,1.9163396128623186e-05,9.581698064311592e-05,0.0002169750000575732,0.7130303359999743,107,3364.296962989,1786045407.9847713
4500,0.51,0.0005343392258509994,1.915677008332985e-05,9.578385041664925e-05,0.00026831500008484,0.7206216350000432,110,3371.552838213,1786045415.633615
4510,0.51,0.00913952011615038,1.915011919110026e-05,9.57505959555013e-05,0.0002050379998763674,0.6896183740000197,109,3378.6231405,1786045422.889505
4520,0.51,0.007524049375206232,1.9143443472194178e-05,9.571721736097089e-05,0.00020622900001399103,0.6789842190000854,114,3386.048595096,1786045429.9596803
4530,0.51,0.0003090893442276865,1.913674294694701e-05,9.568371473473505e-05,0.0002465309999024612,0.8895073889998457,111,3393.695336034,1786045437.38523
4540,0.51,0.0019322468433529139,1.913001763576971e-05,9.565008817884855e-05,0.00019437999981164467,0.689668748999793,119,3400.802306854,1786045445.0319493
4550,0.51,0.003345215693116188,1.912326755914875e-05,9.561633779574374e-05,0.0002160389999517065,0.6868493379997744,111,3407.803667017,1786045452.1389434
4560,0.51,0.005059364717453718,1.9116492737646025e-05,9.558246368823013e-05,0.00020671200036304072,0.6822076700000252,109,3415.042878523,1786045459.1403456
4570,0.51,0.0016731781652197242,1.9109693191898826e-05,9.554846595949412e-05,0.00019913699998141965,0.7001412320000782,117,3422.977066014,1786045466.3794048
4580,0.52,0.0028429056983441114,1.9102868942619743e-05,9.551434471309872e-05,0.00022048900018489803,0.6950867370001106,113,3430.046925327,1786045474.3137043
4590,0.52,0.004709303844720125,1.9096020010596622e-05,9.548010005298311e-05,0.00021847100015293108,0.6942420960003801,113,3437.215782151,1786045481.3835657
4600,0.52,0.0006247360142879188,1.9089146416692504e-05,9.544573208346253e-05,0.0007296310000128869,0.6808003339997413,105,3444.825823957,1786045488.552411
4610,0.52,0.0029852143488824368,1.9082248181845542e-05,9.54112409092277e-05,0.00022902800037627458,0.8878568790000827,111,3452.114236938,1786045496.1624866
4620,0.52,0.0016982504166662693,1.9075325327068957e-05,9.537662663534477e-05,0.0002631580000524991,0.697367708999991,113,3459.589739245,1786045503.4506316
4630,0.52,0.001945747877471149,1.906837787345097e-05,9.534188936725483e-05,0.00020883299976048875,0.6954397929998777,108,3466.6520813,1786045510.9263754
4640,0.52,0.0017410856671631336,1.9061405842154716e-05,9.530702921077358e-05,0.000248082999860344,0.6861624220000522,110,3474.085443512,1786045517.9886866
4650,0.52,0.0023993237409740686,1.9054409254418228e-05,9.527204627209113e-05,0.0004247500000928994,0.6986503420002919,111,3481.511326415,1786045525.4220846
4660,0.52,0.00044806880760006607,1.9047388131554314e-05,9.523694065777157e-05,0.00021992300025885925,0.6781485149999753,113,3488.756116128,1786045532.8480039
4670,0.53,0.0011451846221461892,1.904034249495054e-05,9.52017124747527e-05,0.00020647800010920037,0.6846375739996802,109,3495.880118349,1786045540.0927246
4680,0.53,0.0050695003010332584,1.903327236606913e-05,9.516636183034565e-05,0.0002019889998337021,0.6823127029997522,109,3503.588911074,1786045547.216754
4690,0.53,0.008069060742855072,1.902617776644693e-05,9.513088883223464e-05,0.00024383699974350748,0.9007102800001121,114,3511.050219277,1786045554.9255397
4700,0.53,0.0026086284779012203,1.901905871769531e-05,9.509529358847655e-05,0.0002031029998761369,0.6806756490000225,108,3518.375520462,1786045562.3868613
4710,0.53,0.005103541538119316,1.901191524150014e-05,9.50595762075007e-05,0.00021666100019501755,0.7072710739998911,113,3525.479849358,1786045569.7123115
4720,0.53,0.002954666269943118,1.900474735962168e-05,9.50237367981084e-05,0.000249393000103737,0.7256883570003083,107,3533.108940167,1786045576.8165271
4730,0.53,0.0032738489098846912,1.8997555093894544e-05,9.498777546947271e-05,0.00022139499969853205,0.7028360579997752,107,3540.732802919,1786045584.4455638
4740,0.53,0.005863405764102936,1.8990338466227613e-05,9.495169233113806e-05,0.00021763399990959442,0.9574669609996818,113,3547.9603243,1786045592.0693917
4750,0.53,0.0006319445092231035,1.8983097498603996e-05,9.491548749301997e-05,0.0002691949998734344,0.690451474999918,105,3555.024516483,1786045599.2969444
4760,0.54,0.0008980130078271031,1.8975832213080933e-05,9.487916106540466e-05,0.0002171890000681742,0.7241145380003218,110,3562.828430095,1786045606.3610914
4770,0.54,0.0014500956749543548,1.8968542631789747e-05,9.484271315894872e-05,0.00019912600009774906,0.6997641450002448,111,3570.258995262,1786045614.1650884
4780,0.54,0.0009067381615750492,1.8961228776935757e-05,9.480614388467878e-05,0.00020927299965478596,0.7268720470001426,115,3577.537025057,1786045621.595682
4790,0.54,0.00912668276578188,1.8953890670798243e-05,9.476945335399122e-05,0.00021850000030099181,0.7272073909998653,111,3584.587301324,1786045628.8736358
4800,0.54,0.006501833442598581,1.8946528335730344e-05,9.473264167865173e-05,0.000277609000022494,0.717377975999625,112,3592.249477252,1786045635.923968
4810,0.54,0.005596039816737175,1.893914179415901e-05,9.469570897079505e-05,0.00028521600006570225,0.9464506230001462,115,3599.74592998,1786045643.5861359
4820,0.54,0.0005520725972019136,1.893173106858493e-05,9.465865534292465e-05,0.00021510500027943635,0.6883774310003901,115,3606.862248983,1786045651.0825639
4830,0.54,0.007014482747763395,1.8924296181582458e-05,9.462148090791229e-05,0.00020631699999285047,0.7000784800002293,104,3613.964505826,1786045658.1988282
4840,0.54,0.0014370708959177136,1.891683715579955e-05,9.458418577899775e-05,0.00043123399973410415,0.6934633609998855,113,3621.502786662,1786045665.3011372
4850,0.55,0.005480452906340361,1.8909354013957686e-05,9.454677006978844e-05,0.00021950900008960161,0.6790701269997044,109,3628.955077579,1786045672.8394701
4860,0.55,0.00733867846429348,1.8901846778851825e-05,9.450923389425912e-05,0.00023562499973195372,0.698796055999992,116,3636.181331775,1786045680.2917502
4870,0.55,0.010125004686415195,1.8894315473350303e-05,9.44715773667515e-05,0.00020955399941158248,0.7197860189999119,107,3643.189261994,1786045687.5179968
4880,0.55,0.005441162269562483,1.8886760120394774e-05,9.443380060197387e-05,0.00020717899951705476,0.6995565450006325,107,3650.780350197,1786045694.525902
4890,0.55,0.002934279851615429,1.8879180743000163e-05,9.439590371500082e-05,0.00026103900017915294,0.6777208989997234,105,3658.136501836,1786045702.117009
4900,0.55,0.000787947850767523,1.8871577364254563e-05,9.435788682127281e-05,0.0002186679994338192,0.7360667419998208,115,3665.430177109,1786045709.4731262
4910,0.55,0.002746528247371316,1.886395000731919e-05,9.431975003659594e-05,0.00020531700010906206,0.7191760639998392,108,3672.48566298,1786045716.7668447
4920,0.55,0.005837173201143742,1.885629869542829e-05,9.428149347714143e-05,0.00030085900016274536,0.6883190250000553,116,3680.280172684,1786045723.8222837
4930,0.55,0.0033535119146108627,1.8848623451889086e-05,9.424311725944544e-05,0.00028629699954763055,0.8941097839997383,113,3687.542437375,1786045731.6168253
4940,0.56,0.0017572414362803102,1.8840924300081706e-05,9.420462150040853e-05,0.00023161400076787686,0.7169644440000411,118,3694.742322115,1786045738.8790998
4950,0.56,0.010309928096830845,1.88332012634591e-05,9.416600631729549e-05,0.0005055940000602277,0.7010743609998826,106,3701.930807022,1786045746.0789475
4960,0.56,0.003502506762742996,1.8825454365546974e-05,9.412727182773487e-05,0.0004395599999043043,0.73024200799955,109,3709.407801363,1786045753.2674556
4970,0.56,0.0033913252409547567,1.8817683629943724e-05,9.408841814971861e-05,0.0004411139998410363,0.695226642000307,115,3716.876114457,1786045760.7443912
4980,0.56,0.001873772474937141,1.8809889080320357e-05,9.404944540160178e-05,0.00027612399935605936,0.7211950139999317,118,3723.985155674,1786045768.2127886
4990,0.56,0.0032745138742029667,1.8802070740420426e-05,9.401035370210213e-05,0.0002324719998796354,0.7069708139997601,112,3731.314141652,1786045775.3217301
5000,0.56,0.0038733563851565123,1.879422863405995e-05,9.397114317029975e-05,0.00035669099997903686,0.7421436589993391,110,3738.825241418,1786045782.650757
5010,0.56,0.0041374326683580875,1.878636278512734e-05,9.39318139256367e-05,0.00019668599998112768,0.8308395649992235,106,3746.033954236,1786045790.1617947
5020,0.57,0.0002686707302927971,1.8778473217583343e-05,9.389236608791671e-05,0.00021823099996254314,0.7170198220001112,111,3753.210634035,1786045797.3705637
5030,0.57,0.0024452998768538237,1.8770559955460944e-05,9.385279977730472e-05,0.00024026400024013128,0.6834654920003231,115,3760.427965165,1786045804.547299
5040,0.57,0.0010877382010221481,1.8762623022865317e-05,9.381311511432659e-05,0.0002086590002363664,0.7006707979999192,113,3768.018192589,1786045811.7645981
5050,0.57,0.0007801775936968625,1.8754662443973733e-05,9.377331221986866e-05,0.00021456199920066865,0.6759344909996798,107,3775.238321471,1786045819.354818
5060,0.57,0.001965200062841177,1.8746678243035495e-05,9.373339121517747e-05,0.00020116900032007834,0.6980414839999867,116,3782.324321268,1786045826.574966
5070,0.57,0.000724168261513114,1.8738670444371863e-05,9.36933522218593e-05,0.0002495840008123196,0.7259063229994354,109,3789.606355032,1786045833.6609747
5080,0.57,0.0032596674282103777,1.8730639072375984e-05,9.36531953618799e-05,0.00022523100051330402,0.7262081059998309,106,3797.386615011,1786045840.9428928
5090,0.57,0.0012126733781769872,1.8722584151512804e-05,9.361292075756401e-05,0.00021570199987763772,0.6868280300004699,113,3804.592839062,1786045848.7230585
5100,0.57,0.0009033192181959748,1.871450570631901e-05,9.357252853159505e-05,0.0002575309999883757,0.684610982999402,109,3811.694472528,1786045855.9294984
5110,0.58,0.004421688616275787,1.8706403761402957e-05,9.353201880701478e-05,0.00019422099921939662,0.6775861040005111,107,3819.002044111,1786045863.0307915
5120,0.58,0.010923600755631924,1.869827834144456e-05,9.349139170722281e-05,0.000252629999522469,0.6821306739993815,114,3826.854417736,1786045870.3386648
5130,0.58,0.00914148148149252,1.869012947119527e-05,9.345064735597634e-05,0.00024098599988064962,0.8996224630000142,113,3834.169030286,1786045878.1910644
5140,0.58,0.0017904143314808607,1.8681957175477946e-05,9.340978587738973e-05,0.00048576300014246954,0.7498204639996402,112,3841.203997836,1786045885.505647
5150,0.58,0.001903603202663362,1.867376147918683e-05,9.336880739593416e-05,0.0003166899996358552,0.6921092630000203,114,3848.479988126,1786045892.5406742
5160,0.58,0.0015955755952745676,1.866554240728743e-05,9.332771203643715e-05,0.00022717000047123292,0.723779674999605,104,3856.120189474,1786045899.81648
5170,0.58,0.0007318774005398154,1.8657299984816465e-05,9.328649992408232e-05,0.00024675500026205555,0.6851476499996352,114,3863.267974503,1786045907.4566398
5180,0.58,0.0036346421111375093,1.8649034236881776e-05,9.324517118440888e-05,0.0002172879994759569,0.6837124679996123,120,3870.307271353,1786045914.604639
5190,0.58,0.0006515322020277381,1.8640745188662273e-05,9.320372594331137e-05,0.00020964699979231227,0.7404632289999427,107,3877.530190716,1786045921.6439614
5200,0.59,0.0041291420347988605,1.8632432865407835e-05,9.316216432703917e-05,0.00023385700023936806,0.6973028800002794,108,3885.235421887,1786045928.8665433
5210,0.59,0.004676586948335171,1.8624097292439235e-05,9.312048646219617e-05,0.00019761700059461873,0.6837403319996156,112,3892.650094397,1786045936.5721042
5220,0.59,0.001319707720540464,1.861573849514808e-05,9.30786924757404e-05,0.00025189499956468353,0.7022081989998696,115,3899.869225383,1786045943.986704
5230,0.59,0.0043557253666222095,1.8607356498996708e-05,9.303678249498353e-05,0.00021023200042691315,0.7456738389992097,105,3907.246910716,1786045951.2058666
5240,0.59,0.004509058780968189,1.859895132951814e-05,9.299475664759069e-05,0.00021803899926453596,0.861320877000253,114,3915.122967964,1786045958.5835748
5250,0.59,0.004201564006507397,1.859052301231597e-05,9.295261506157986e-05,0.00024487300015607616,0.7051974050000354,114,3922.288667006,1786045966.4595811
5260,0.59,0.0008168141357600689,1.858207157306433e-05,9.291035786532164e-05,0.0002351319999434054,0.6816612869997698,111,3929.36060656,1786045973.6253085
5270,0.59,0.0005354221793822944,1.8573597037507757e-05,9.286798518753878e-05,0.0004218799995214795,0.7104765860003681,108,3936.775513052,1786045980.6972682
5280,0.59,0.0022391059901565313,1.8565099431461158e-05,9.28254971573058e-05,0.00020523599960142747,0.7439755699997477,118,3944.430037613,1786045988.1121545
5290,0.6,0.0005484987632371485,1.855657878080972e-05,9.278289390404861e-05,0.0003580980001061107,0.7162684710001486,115,3951.636653478,1786045995.7666109
5300,0.6,0.005400917958468199,1.8548035111508816e-05,9.274017555754408e-05,0.00021930299953965005,0.6887677650001933,115,3958.692970604,1786046002.9732842
5310,0.6,0.008972208015620708,1.853946844958395e-05,9.269734224791975e-05,0.00041891699947882444,0.7476504859996567,115,3966.198256766,1786046010.0296214
5320,0.6,0.006377529818564653,1.8530878821130658e-05,9.265439410565329e-05,0.00021764900066045811,0.9173998030000803,117,3973.905100678,1786046017.5348153
5330,0.6,0.0035859302151948214,1.8522266252314436e-05,9.261133126157218e-05,0.0002396810004938743,0.7251473320002333,112,3981.205196618,1786046025.2417088
5340,0.6,0.0022704415023326874,1.851363076937066e-05,9.256815384685329e-05,0.00022971399994275998,0.6975644680005644,105,3988.378137935,1786046032.541845
5350,0.6,0.000618785503320396,1.8504972398604516e-05,9.252486199302257e-05,0.0002119470000252477,0.7156870310000158,108,3995.561054175,1786046039.7148
5360,0.6,0.010180579498410225,1.8496291166390898e-05,9.248145583195448e-05,0.00020807500004593749,0.8342537509997783,109,4003.263432525,1786046046.8976517
5370,0.6,0.0022448613308370113,1.8487587099174345e-05,9.243793549587172e-05,0.0002314549992661341,0.6819963199995982,113,4010.469730833,1786046054.5998027
5380,0.61,0.0008439815719611943,1.8478860223468956e-05,9.239430111734477e-05,0.00063377600054082,0.6884181400000671,113,4017.563553467,1786046061.8062696
5390,0.61,0.000922423554584384,1.847011056585831e-05,9.235055282929154e-05,0.00033635700037848437,0.7502641299997777,113,4025.044156365,1786046068.9000049
5400,0.61,0.0015532557154074311,1.8461338152995376e-05,9.230669076497688e-05,0.0002887999999074964,0.9344410829999106,107,4032.4246784,1786046076.3807642
5410,0.61,0.0014611511724069715,1.845254301160245e-05,9.226271505801225e-05,0.00021276099960232386,0.7099163729999418,114,4039.612597105,1786046083.7612526
5420,0.61,0.0006205039098858833,1.8443725168471054e-05,9.221862584235528e-05,0.000395111000216275,0.7030823360000795,115,4046.735616135,1786046090.949305
5430,0.61,0.0017672006506472826,1.8434884650461874e-05,9.217442325230937e-05,0.0002101500003846013,0.7046414960004768,113,4054.281534996,1786046098.0722566
5440,0.61,0.0005755891907028854,1.8426021484504655e-05,9.213010742252328e-05,0.00022421299945563078,0.7365966010002012,111,4062.248049474,1786046105.618078
5450,0.61,0.0013564829714596272,1.841713569759814e-05,9.20856784879907e-05,0.00046873800056346226,0.6944654440003433,115,4069.529673895,1786046113.584705
5460,0.61,0.006765940226614475,1.840822731680998e-05,9.204113658404989e-05,0.0006411719996322063,0.6845891370003301,114,4076.599877722,1786046120.866344
5470,0.62,0.001089571975171566,1.839929636927664e-05,9.199648184638319e-05,0.0002127249999830383,0.6976190499999575,109,4084.160852766,1786046127.936499
5480,0.62,0.0003436841943766922,1.8390342882203338e-05,9.195171441101669e-05,0.00021963800008961698,0.8293470979997437,119,4091.763819377,1786046135.497494
5490,0.62,0.0009403724106959999,1.8381366882863952e-05,9.190683441431975e-05,0.0002078870002151234,0.7010396870000477,113,4099.073923045,1786046143.100409
5500,0.62,0.0019035497680306435,1.8372368398600928e-05,9.186184199300464e-05,0.0002246490003017243,0.7217973359993266,112,4106.131871184,1786046150.410556
5510,0.62,0.004538186825811863,1.836334745682521e-05,9.181673728412605e-05,0.0002226980004707002,0.6949967609998566,108,4113.605474755,1786046157.468538
5520,0.62,0.000714689667802304,1.8354304085016157e-05,9.177152042508078e-05,0.00020816999949602177,0.9307567400001062,111,4121.332566702,1786046164.9422345
5530,0.62,0.0038720399606972933,1.8345238310721442e-05,9.172619155360721e-05,0.00039553799979330506,0.8596221920006428,115,4128.493573386,1786046172.6692219
5540,0.62,0.004296594765037298,1.833615016155699e-05,9.168075080778494e-05,0.00021273000038490864,0.728701430000001,112,4135.694078393,1786046179.8302681
5550,0.62,0.004048185423016548,1.8327039665206875e-05,9.163519832603437e-05,0.00031182399925455684,0.7286171779996948,107,4143.273700707,1786046187.0306401
5560,0.63,0.0007608623127453029,1.831790684942325e-05,9.158953424711625e-05,0.00025680100043246057,0.7278454970000894,110,4150.813034886,1786046194.6103623
5570,0.63,0.006250415463000536,1.830875174202626e-05,9.154375871013129e-05,0.00029419100064842496,0.6928052069997648,112,4158.119248799,1786046202.1496975
5580,0.63,0.001687617739662528,1.829957437090394e-05,9.14978718545197e-05,0.00021761199968750589,0.7299162029994477,110,4165.240993485,1786046209.4557633
5590,0.63,0.004965996369719505,1.8290374764012164e-05,9.145187382006081e-05,0.00044210999931237893,0.7256810660001065,113,4172.697987206,1786046216.5775726
5600,0.63,0.0007208544411696494,1.8281152949374527e-05,9.140576474687264e-05,0.000215881999793055,0.699160959999972,113,4180.1273048,1786046224.0345817
5610,0.63,0.0017065242864191532,1.8271908955082275e-05,9.135954477541138e-05,0.0002121779998560669,0.8565610819996436,108,4187.621527477,1786046231.4639306
5620,0.63,0.0013356974814087152,1.826264280929422e-05,9.13132140464711e-05,0.000220523999814759,0.7182177499998943,114,4194.797339208,1786046238.9581997
5630,0.63,0.0013584390981122851,1.8253354540236646e-05,9.126677270118322e-05,0.0003133159998469637,0.721540291000565,112,4202.360724423,1786046246.1339643
5640,0.63,0.0020111738704144955,1.824404417620323e-05,9.122022088101614e-05,0.00022840200017526513,0.68965936099994,109,4210.287276493,1786046253.6973708
5650,0.64,0.002593152690678835,1.8234711745554955e-05,9.117355872777478e-05,0.00021683500017388724,0.9400949079999918,111,4217.40818062,1786046261.6239367
5660,0.64,0.000798374880105257,1.8225357276720032e-05,9.112678638360016e-05,0.00027647399929264793,0.723494933999973,108,4224.576668314,1786046268.7447999
5670,0.64,0.004535402171313763,1.8215980798193788e-05,9.107990399096894e-05,0.0003871589997288538,0.7121142899995903,111,4232.261243445,1786046275.913318
5680,0.64,0.0009131875121966004,1.82065823385386e-05,9.1032911692693e-05,0.00027765199956775177,0.6853848950004249,110,4239.911200295,1786046283.5978582
5690,0.64,0.0005234783166088164,1.8197161926383816e-05,9.098580963191908e-05,0.00021657999968738295,0.900185555000462,116,4247.168962451,1786046291.2478325
5700,0.64,0.0023452057503163815,1.8187719590425638e-05,9.093859795212818e-05,0.00026779000017995713,0.7215024159995664,104,4254.264592041,1786046298.5055213
5710,0.64,0.0023799205664545298,1.817825535942706e-05,9.08912767971353e-05,0.00020791800034203334,0.7231544209998901,110,4261.796343871,1786046305.6012332
5720,0.64,0.0011969415936619043,1.8168769262217768e-05,9.084384631108883e-05,0.00022837999949842924,0.6841959859993949,112,4269.240243319,1786046313.1329947
5730,0.65,0.000970592605881393,1.8159261327694063e-05,9.079630663847031e-05,0.0002119879991369089,0.7289263709999432,103,4276.495875036,1786046320.576916
5740,0.65,0.004047139082103968,1.8149731584818765e-05,9.074865792409382e-05,0.0003448570005275542,0.6941085139997085,110,4283.602411845,1786046327.8325255
5750,0.65,0.0006883235182613134,1.8140180062621117e-05,9.070090031310558e-05,0.00022022900066076545,0.7030491549994622,107,4291.409539549,1786046334.9389634
5760,0.65,0.0012455169344320893,1.813060679019672e-05,9.065303395098359e-05,0.00021924899920122698,0.700403001000268,116,4298.883649243,1786046342.7461975
5770,0.65,0.001578061142936349,1.812101179670741e-05,9.060505898353707e-05,0.000756153000111226,0.7349618030002603,107,4306.137728056,1786046350.2203343
5780,0.65,0.0007982400129549205,1.8111395111381214e-05,9.055697555690608e-05,0.0004107570002815919,0.6800364870005069,111,4313.246332344,1786046357.474459
5790,0.65,0.001833812682889402,1.810175676351222e-05,9.050878381756108e-05,0.00024474300062138354,0.6908766650003599,107,4321.136809222,1786046364.5830255
5800,0.65,0.0012558086309581995,1.8092096782460497e-05,9.046048391230248e-05,0.00020510800004558405,0.7293214749997787,110,4328.703059502,1786046372.4733908
5810,0.65,0.0023595700040459633,1.8082415197652037e-05,9.041207598826019e-05,0.0002367269999012933,0.6896054059998278,114,4336.018646559,1786046380.0397391
5820,0.66,0.0019594759214669466,1.807271203857862e-05,9.036356019289309e-05,0.00021630300034303218,0.7198914500004321,107,4343.070904636,1786046387.355238
5830,0.66,0.0024324681144207716,1.8062987334797745e-05,9.031493667398873e-05,0.00018586200076242676,0.7666707799999131,108,4350.701688975,1786046394.4076195
5840,0.66,0.0007458009640686214,1.805324111593256e-05,9.02662055796628e-05,0.0002127190000464907,0.6891436200003227,105,4358.269259958,1786046402.038327
5850,0.66,0.0009890298824757338,1.8043473411671725e-05,9.021736705835862e-05,0.00024019200009206543,0.6793428860000859,113,4365.600852039,1786046409.605939
5860,0.66,0.0038281348533928394,1.803368425176937e-05,9.016842125884685e-05,0.00028581100013980176,0.9298924610002359,108,4372.707783762,1786046416.9374866
5870,0.66,0.0011252217227593064,1.802387366604497e-05,9.011936833022484e-05,0.00022833399998489767,0.7211976560001858,115,4380.308577021,1786046424.044405
5880,0.66,0.0026116762310266495,1.801404168438327e-05,9.007020842191635e-05,0.00032973899942589924,0.6774885039994842,106,4387.791620989,1786046431.645273
5890,0.66,0.0018724895780906081,1.800418833673419e-05,9.002094168367095e-05,0.0002515189999030554,0.7095703300001333,110,4395.054343607,1786046439.1282437
5900,0.66,0.0035872366279363632,1.799431365311274e-05,8.99715682655637e-05,0.00019762000010814518,0.6870209839999006,110,4402.240579231,1786046446.3910635
5910,0.67,0.0037063611671328545,1.7984417663598913e-05,8.992208831799457e-05,0.00020935300017299596,0.7021364729998822,108,4410.225101867,1786046453.577073
5920,0.67,0.0020893188193440437,1.797450039833762e-05,8.987250199168808e-05,0.0002929210004367633,0.8619404640003268,115,4417.608346439,1786046461.5618196
5930,0.67,0.0007678578258492053,1.7964561887538558e-05,8.982280943769278e-05,0.0002420210003037937,0.7301536449995183,106,4424.714472099,1786046468.9449048
5940,0.67,0.0035118868108838797,1.795460216147616e-05,8.97730108073808e-05,0.0002726459997575148,0.6969615440002599,104,4432.091302925,1786046476.051127
5950,0.67,0.0009406488970853388,1.794462125048948e-05,8.972310625244741e-05,0.00023353300002781907,0.7306435190002958,114,4439.836246188,1786046483.42797
5960,0.67,0.0020525541622191668,1.7934619184982104e-05,8.967309592491052e-05,0.0002522940003473195,0.6881711719997838,117,4447.281820453,1786046491.1728418
5970,0.67,0.0006137298187240958,1.7924595995422055e-05,8.962297997711027e-05,0.00023460700049326988,0.7122167159996025,104,4454.402348216,1786046498.6184196
5980,0.67,0.0011744877556338906,1.7914551712341714e-05,8.957275856170855e-05,0.00021251199996186187,0.7403186299998197,104,4461.691881886,1786046505.73899
5990,0.67,0.005762334447354078,1.79044863663377e-05,8.952243183168849e-05,0.0007364150005741976,0.7569707180000478,109,4469.744465073,1786046513.028513
6000,0.68,0.0031300848349928856,1.7894399988070804e-05,8.947199994035401e-05,0.0002228779994766228,0.8736093830002574,108,4501.338565427,1786046521.0811472
6010,0.68,0.0008857717621140182,1.7884292608265888e-05,8.942146304132945e-05,0.00026117499965039315,0.7401569539997581,111,4508.512253247,1786046552.675124
6020,0.68,0.0061836387030780315,1.7874164257711784e-05,8.937082128855891e-05,0.00022086299941292964,0.7428716589993201,116,4515.812124826,1786046559.8487947
6030,0.68,0.0005805765395052731,1.7864014967261195e-05,8.932007483630598e-05,0.0002654049994816887,0.7178556680000838,113,4523.587521215,1786046567.1487834
6040,0.68,0.0022825561463832855,1.7853844767830632e-05,8.926922383915316e-05,0.00022316899958241265,0.6881757239998478,113,4530.846050486,1786046574.924152
6050,0.68,0.003502503503113985,1.784365369040028e-05,8.921826845200139e-05,0.00021694299994123867,0.714333459000045,107,4537.994037864,1786046582.182664
6060,0.68,0.00296015664935112,1.7833441766013927e-05,8.916720883006963e-05,0.00022053900011087535,0.6819774309997229,111,4545.196473741,1786046589.3305783
6070,0.68,0.00491295475512743,1.7823209025778872e-05,8.911604512889436e-05,0.00022189900028024567,0.6821247130001211,109,4553.069467018,1786046596.533179
6080,0.68,0.0029167889151722193,1.781295550086581e-05,8.906477750432904e-05,0.00020442999993974809,0.7223573460005355,107,4560.453135955,1786046604.4060535
6090,0.69,0.003044221783056855,1.7802681222508758e-05,8.901340611254379e-05,0.00026013400020019617,0.693508259999362,115,4567.472615587,1786046611.7896876
6100,0.69,0.0005904315039515495,1.779238622200495e-05,8.896193111002475e-05,0.0002279009995618253,0.6844576909998068,114,4575.019253189,1786046618.8092058
6110,0.69,0.003391651436686516,1.7782070530714742e-05,8.891035265357372e-05,0.00038251800015132176,0.936179637999885,108,4582.676247392,1786046626.3559241
6120,0.69,0.0009486369672231376,1.7771734180061523e-05,8.885867090030761e-05,0.00029638900014106184,0.9116296560005139,114,4590.113320306,1786046634.0128136
6130,0.69,0.0016251149354502559,1.77613772015316e-05,8.8806886007658e-05,0.00023080599930835888,0.6787148789999264,113,4597.211593648,1786046641.450019
6140,0.69,0.003870689542964101,1.775099962667414e-05,8.875499813337069e-05,0.00021753900000476278,0.7086896629998591,114,4604.62704129,1786046648.5481758
6150,0.69,0.00423714704811573,1.774060148710102e-05,8.87030074355051e-05,0.00024333900000783615,0.7018963939999594,105,4612.315471964,1786046655.963681
6160,0.69,0.004059764556586742,1.773018281448679e-05,8.865091407243394e-05,0.00041337800030305516,0.6995821509999587,110,4619.603199479,1786046663.652108
6170,0.69,0.0016441494226455688,1.7719743640568524e-05,8.859871820284261e-05,0.0002803349998430349,0.6915726460001679,110,4626.754841686,1786046670.9397783
6180,0.7,0.0023786297533661127,1.770928399714576e-05,8.85464199857288e-05,0.0002020660003836383,0.7102349420001701,115,4634.276212673,1786046678.0914972
6190,0.7,0.002061438048258424,1.769880391608039e-05,8.849401958040193e-05,0.00027233299988438375,0.971386963000441,120,4641.962401555,1786046685.6128535
6200,0.7,0.0005558438133448362,1.7688303429296548e-05,8.844151714648274e-05,0.00043542599996726494,0.72818993600049,111,4649.224949798,1786046693.2990518
6210,0.7,0.0020620040595531464,1.7677782568780547e-05,8.838891284390274e-05,0.00020391299949551467,0.6895580089994837,109,4656.326498946,1786046700.5611918
6220,0.7,0.000898375641554594,1.7667241366580753e-05,8.833620683290375e-05,0.0002063669999188278,0.6903507260003607,118,4663.832883022,1786046707.6630986
6230,0.7,0.002481232862919569,1.765667985480749e-05,8.828339927403745e-05,0.00023875399983808165,0.7032905799997025,106,4671.444749211,1786046715.1695342
6240,0.7,0.019123507663607597,1.7646098065632956e-05,8.823049032816479e-05,0.0002801269993142341,0.7118422260000443,114,4678.662245932,1786046722.781374
6250,0.7,0.0016323539894074202,1.7635496031291118e-05,8.817748015645558e-05,0.00021252300030027982,0.6973750059996746,107,4685.835205468,1786046729.9988923
6260,0.7,0.002205135300755501,1.762487378407761e-05,8.812436892038805e-05,0.0002230299996881513,0.7022621769992838,111,4693.278679822,1786046737.172003
6270,0.71,0.0016698348335921764,1.761423135634964e-05,8.807115678174819e-05,0.0002309950004928396,0.8538169720004589,111,4700.953536639,1786046744.615351
6280,0.71,0.002794171217828989,1.7603568780525886e-05,8.801784390262944e-05,0.0005537170000025071,0.7059450800006744,105,4708.207820016,1786046752.290221
6290,0.71,0.0013952702283859253,1.759288608908641e-05,8.796443044543204e-05,0.0002269570004500565,0.6857588029997714,119,4715.322669571,1786046759.544437
6300,0.71,0.003405514173209667,1.7582183314572535e-05,8.791091657286268e-05,0.0002245599998786929,0.6977189859999271,110,4722.850896945,1786046766.6592486
6310,0.71,0.0010421467013657093,1.7571460489586775e-05,8.785730244793387e-05,0.0006725439998263028,0.8758169160000762,107,4730.473743736,1786046774.1874962
6320,0.71,0.003251373302191496,1.7560717646792704e-05,8.780358823396352e-05,0.00020242499977030093,0.6853112879998662,116,4737.886947597,1786046781.8102496
6330,0.71,0.0008586759213358164,1.7549954818914896e-05,8.774977409457448e-05,0.00022632199943473097,0.6965650100000857,108,4745.096032593,1786046789.2234848
6340,0.71,0.0007623718702234328,1.7539172038738784e-05,8.769586019369392e-05,0.00023235300068336073,0.7274819790000038,113,4752.447251215,1786046796.432397
6350,0.71,0.0012939389562234282,1.752836933911059e-05,8.764184669555294e-05,0.0002032550000876654,0.7084927120004068,106,4760.423748014,1786046803.7838557
6360,0.72,0.0034288864117115736,1.751754675293721e-05,8.758773376468606e-05,0.00022119999994174577,0.7448097569995298,107,4767.670471543,1786046811.7604148
6370,0.72,0.0002657119766809046,1.7506704313186113e-05,8.753352156593057e-05,0.00026584499937598594,0.6818557259994122,114,4774.792481138,1786046819.0071082
6380,0.72,0.00033816826180554926,1.7495842052885262e-05,8.74792102644263e-05,0.00040589099990029354,0.7514837440003248,103,4782.668334533,1786046826.1291285
6390,0.72,0.0009366761660203338,1.7484960005122974e-05,8.742480002561487e-05,0.00022968499979469925,0.9373047440003575,108,4790.155245854,1786046834.0050282
6400,0.72,0.00050934316823259,1.7474058203047863e-05,8.73702910152393e-05,0.00018251599976792932,0.7181965999998283,110,4797.518775243,1786046841.491948
6410,0.72,0.000774528831243515,1.74631366798687e-05,8.731568339934349e-05,0.00021207400004641386,0.722934845999589,112,4804.653741221,1786046848.8554258
6420,0.72,0.0030450448393821716,1.7452195468854348e-05,8.726097734427173e-05,0.00021909499992034398,0.6967333550001058,107,4812.237898082,1786046855.990213
6430,0.72,0.0014136990066617727,1.7441234603333625e-05,8.720617301666811e-05,0.0002935960001195781,0.7247795029998088,106,4819.821496812,1786046863.5745142
6440,0.72,0.00037254331982694566,1.743025411669523e-05,8.715127058347615e-05,0.00020344800032034982,0.70478194000043,109,4827.158641733,1786046871.1582026
6450,0.73,0.0019432902336120605,1.7419254042387635e-05,8.709627021193817e-05,0.000310615999296715,0.6969700760000705,112,4834.222410006,1786046878.495092
6460,0.73,0.0019690562039613724,1.740823441391897e-05,8.704117206959486e-05,0.0002881010004784912,0.6982774879998033,106,4841.703868618,1786046885.5590818
6470,0.73,0.00043559400364756584,1.7397195264856933e-05,8.698597632428466e-05,0.00029544100016209995,0.707568750000064,112,4849.428906288,1786046893.0404332
6480,0.73,0.003379492089152336,1.738613662882869e-05,8.693068314414344e-05,0.00020567699993989663,0.6808519629994407,113,4856.725008909,1786046900.7655692
6490,0.73,0.0015343462582677603,1.737505853952076e-05,8.687529269760381e-05,0.00023129399960453156,0.7214112869996825,104,4863.818178463,1786046908.0616615
6500,0.73,0.0005916954833082855,1.736396103067893e-05,8.681980515339464e-05,0.0002306830001543858,0.7057110249998004,113,4871.52592511,1786046915.1548505
6510,0.73,0.002247673226520419,1.735284413610813e-05,8.676422068054065e-05,0.00021275499966577627,0.697557350000352,107,4878.967166393,1786046922.86257
6520,0.73,0.0015572301344946027,1.7341707889672355e-05,8.670853944836176e-05,0.0002365340005781036,0.9163136170000143,110,4886.242841538,1786046930.3037505
6530,0.74,0.0017040196107700467,1.7330552325294535e-05,8.665276162647267e-05,0.0005861740000909776,0.6948994590002258,106,4893.340074642,1786046937.579492
6540,0.74,0.0006074514822103083,1.7319377476956466e-05,8.659688738478232e-05,0.00022607899973081658,0.7466493350002565,108,4901.137444733,1786046944.6766825
6550,0.74,0.0003762867418117821,1.730818337869866e-05,8.65409168934933e-05,0.00020889100051135756,0.7241746059999059,114,4908.370784482,1786046952.4742832
6560,0.74,0.0024105513002723455,1.729697006462029e-05,8.648485032310145e-05,0.00026801700005307794,0.6937167940004656,118,4916.109561726,1786046959.7074015
6570,0.74,0.0006261810776777565,1.7285737568879054e-05,8.642868784439527e-05,0.0003694619999805582,0.7471228820004399,118,4923.28454153,1786046967.44625
6580,0.74,0.001919363858178258,1.7274485925691084e-05,8.63724296284554e-05,0.0002005140004257555,0.7463435390000086,113,4930.888600151,1786046974.6211853
6590,0.74,0.005815243814140558,1.726321516933083e-05,8.631607584665414e-05,0.000314361999699031,0.871728609999991,106,4938.467711341,1786046982.2251718
6600,0.74,0.00386848789639771,1.7251925334130976e-05,8.625962667065488e-05,0.00023747500017634593,0.913780523999776,120,4945.763805402,1786046989.8043723
6610,0.74,0.0013281176798045635,1.7240616454482317e-05,8.620308227241158e-05,0.00021639499937009532,0.702068595000128,107,4952.937467733,1786046997.1004276
6620,0.75,0.00046091582044027746,1.7229288564833663e-05,8.614644282416831e-05,0.0002553059994170326,0.7577964540005269,115,4960.627414435,1786047004.2741086
6630,0.75,0.0002816288033500314,1.7217941699691727e-05,8.608970849845863e-05,0.0002434129992252565,0.6802457789999607,118,4968.093725332,1786047011.9640598
6640,0.75,0.002530865604057908,1.720657589362103e-05,8.603287946810515e-05,0.00029112900028849253,0.6882690309994359,107,4975.313366612,1786047019.4303682
6650,0.75,0.003563238075003028,1.7195191181243786e-05,8.597595590621893e-05,0.0002138660001946846,0.7191837619993748,117,4982.468279478,1786047026.650021
6660,0.75,0.004667685832828283,1.7183787597239808e-05,8.591893798619903e-05,0.00022184199951880146,0.7440240410005572,116,4990.154135285,1786047033.804937
6670,0.75,0.0038113356567919254,1.717236517634639e-05,8.586182588173195e-05,0.00023063099979481194,0.7203352030001042,113,4997.493747041,1786047041.4907353
6680,0.75,0.003923099488019943,1.71609239533582e-05,8.5804619766791e-05,0.00022941799943509977,0.7166142590003801,114,5005.064242271,1786047048.8303933
6690,0.75,0.00567606883123517,1.7149463963127196e-05,8.574731981563597e-05,0.00019861700002365978,0.6911305949997768,104,5012.12851693,1786047056.4009223
6700,0.75,0.0014055290957912803,1.713798524056249e-05,8.568992620281244e-05,0.0006799290003982605,0.7054923140003666,108,5019.78416449,1786047063.4651046
6710,0.76,0.004735868889838457,1.7126487820630263e-05,8.563243910315131e-05,0.00021977300002617994,0.7220588469999711,112,5027.125552307,1786047071.120797
6720,0.76,0.0003571772831492126,1.7114971738353652e-05,8.557485869176826e-05,0.0005967439992673462,0.6865963180007384,108,5034.521991108,1786047078.4621708
6730,0.76,0.0029230730142444372,1.7103437028812636e-05,8.551718514406318e-05,0.00020040600065840408,0.7313507070002743,109,5041.569720033,1786047085.8586216
6740,0.76,0.00024117219436448067,1.7091883727143946e-05,8.545941863571974e-05,0.00023498300015489804,0.682558753000194,109,5048.96917998,1786047092.9063323
6750,0.76,0.003389806719496846,1.7080311868540943e-05,8.540155934270471e-05,0.000446214000476175,0.6820668529999239,102,5056.355614267,1786047100.3057852
6760,0.76,0.0023692490067332983,1.706872148825351e-05,8.534360744126755e-05,0.00021801999992021592,0.6994534569994357,114,5063.400300137,1786047107.692201
6770,0.76,0.006237290799617767,1.705711262158796e-05,8.52855631079398e-05,0.00025783399996726075,0.7340899640003045,112,5070.719580303,1786047114.7369597
6780,0.76,0.0006836780812591314,1.7045485303906914e-05,8.522742651953456e-05,0.000274450999313558,0.7224443830000382,115,5078.111907177,1786047122.05625
6790,0.76,0.0019137819763273,1.7033839570629193e-05,8.516919785314596e-05,0.0002525529998820275,0.6975393800003076,103,5085.368731859,1786047129.448593
6800,0.77,0.005568113178014755,1.7022175457229726e-05,8.511087728614862e-05,0.00031152199971984373,0.6942255459998705,113,5092.917981599,1786047136.705414
6810,0.77,0.005092897918075323,1.7010492999239422e-05,8.50524649961971e-05,0.00020319800023571588,0.9253313839999464,112,5100.082809712,1786047144.2546291
6820,0.77,0.0011172457598149776,1.6998792232245072e-05,8.499396116122536e-05,0.00020590500025718939,0.6892088750000767,110,5107.966074699,1786047151.4194584
6830,0.77,0.0006987791275605559,1.6987073191889248e-05,8.493536595944623e-05,0.0002178900003855233,0.6825729570000476,109,5115.42055661,1786047159.3026829
6840,0.77,0.0006462949677370489,1.6975335913870178e-05,8.487667956935088e-05,0.00021717699928558432,0.7219865410006605,106,5122.605589343,1786047166.7571702
6850,0.77,0.0017155228415504098,1.696358043394164e-05,8.48179021697082e-05,0.00021592499979306012,0.7056442129996867,112,5130.070211257,1786047173.9421902
6860,0.77,0.0015190193662419915,1.695180678791287e-05,8.475903393956434e-05,0.00022011700002622092,0.7193215090001104,104,5137.787818069,1786047181.4068239
6870,0.77,0.0011185448383912444,1.6940015011648432e-05,8.470007505824216e-05,0.00027141899954585824,0.7021904920002271,112,5145.200356848,1786047189.1244044
6880,0.77,0.0028512030839920044,1.6928205141068125e-05,8.464102570534061e-05,0.00023270600013347575,0.7229071330002625,104,5152.319497769,1786047196.5369852
6890,0.78,0.0019646689761430025,1.6916377212146862e-05,8.458188606073431e-05,0.00022927400004846277,0.7514954510006646,104,5159.830467869,1786047203.6561532
6900,0.78,0.0005348210106603801,1.6904531260914566e-05,8.452265630457284e-05,0.0002481459996488411,0.939266256999872,104,5167.630494402,1786047211.1671429
6910,0.78,0.009030082263052464,1.6892667323456056e-05,8.446333661728028e-05,0.00021598700004687998,0.8423001809997004,111,5175.007442161,1786047218.967122
6920,0.78,0.0009124553180299699,1.6880785435910953e-05,8.440392717955476e-05,0.000697071000104188,0.9471603890006008,112,5182.04172959,1786047226.3437593
6930,0.78,0.00426256051287055,1.6868885634473532e-05,8.434442817236766e-05,0.0003004179998242762,0.6995803240006353,118,5189.389312216,1786047233.3783412
6940,0.78,0.004772000480443239,1.6856967955392657e-05,8.428483977696328e-05,0.0002642149993334897,0.7072156750000431,111,5197.172716905,1786047240.7259521
6950,0.78,0.0010122339008376002,1.6845032434971652e-05,8.422516217485826e-05,0.00021825699968758272,0.725862087000678,110,5204.634685877,1786047248.5092993
6960,0.78,0.0008265636279247701,1.683307910956818e-05,8.416539554784089e-05,0.00021106500025780406,0.7278416069993909,109,5211.683856338,1786047255.9713297
6970,0.78,0.0012726258719339967,1.682110801559414e-05,8.410554007797069e-05,0.00020195500019326573,0.7251711110002361,115,5219.080341834,1786047263.0204852
6980,0.79,0.0009867609478533268,1.6809119189515558e-05,8.404559594757778e-05,0.00022367699966707733,0.8814833900005397,108,5226.785974692,1786047270.416994
6990,0.79,0.0008052370976656675,1.679711266785248e-05,8.39855633392624e-05,0.00021274100072332658,0.8425886059994809,110,5234.095434297,1786047278.1227381
7000,0.79,0.0012007053010165691,1.6785088487178857e-05,8.392544243589427e-05,0.0002745669999058009,0.7161463329994149,117,5241.331126306,1786047285.4319232
7010,0.79,0.003996466286480427,1.6773046684122422e-05,8.386523342061211e-05,0.0003866039996864856,0.7347513559998333,116,5248.84560685,1786047292.6676805
7020,0.79,0.0021511733066290617,1.6760987295364602e-05,8.380493647682301e-05,0.00022187400008988334,0.961211457999525,106,5256.37394647,1786047300.1821294
7030,0.79,0.003921572584658861,1.674891035764038e-05,8.37445517882019e-05,0.0003774269998757518,0.6805892120000863,113,5263.83073441,1786047307.7105775
7040,0.79,0.002925338689237833,1.673681590773821e-05,8.368407953869104e-05,0.00022486299985757796,0.7596522209996692,111,5270.889105826,1786047315.1672916
7050,0.79,0.0026931476313620806,1.6724703982499876e-05,8.362351991249939e-05,0.0002148100002159481,0.7107594219996827,110,5278.358000303,1786047322.2257576
7060,0.79,0.0005376325570978224,1.671257461882041e-05,8.356287309410205e-05,0.0005955579999863403,0.7166565070001525,112,5286.293328906,1786047329.6946802
7070,0.8,0.0017576265381649137,1.670042785364795e-05,8.350213926823975e-05,0.00026510600036999676,0.7020821490004892,112,5293.758594153,1786047337.6299365
7080,0.8,0.0005248076049610972,1.668826372398366e-05,8.34413186199183e-05,0.000517915999807883,0.7124229849996482,109,5301.006140096,1786047345.0952017
7090,0.8,0.0019723770674318075,1.6676082266881578e-05,8.338041133440789e-05,0.0002218770005129045,0.7065929929995036,114,5308.326369317,1786047352.3427596
7100,0.8,0.003977490123361349,1.6663883519448537e-05,8.33194175972427e-05,0.00022813500072516035,0.6890620819995092,106,5316.129931962,1786047359.663059
7110,0.8,0.0004920697538182139,1.6651667518844043e-05,8.325833759422022e-05,0.000297431999570108,0.86607105100029,112,5323.573527602,1786047367.4665446
7120,0.8,0.003434977727010846,1.6639434302280145e-05,8.319717151140073e-05,0.0002674999996088445,0.6913745499996367,113,5330.590306509,1786047374.910105
7130,0.8,0.0004868299001827836,1.6627183907021348e-05,8.313591953510675e-05,0.0004044819997943705,0.6901028029997178,108,5337.873371364,1786047381.9269927
7140,0.8,0.00031622033566236496,1.6614916370384478e-05,8.307458185192238e-05,0.00021747499977209372,0.7294305859995802,112,5345.598973589,1786047389.2098858
7150,0.8,0.001076713902875781,1.660263172973858e-05,8.30131586486929e-05,0.0002036179994320264,0.7159666609995838,106,5352.964747028,1786047396.9355435
7160,0.81,0.004690057598054409,1.6590330022504796e-05,8.295165011252397e-05,0.00044113999956607586,0.6881982690001678,110,5360.155176675,1786047404.3014238
7170,0.81,0.0015534651465713978,1.6578011286156264e-05,8.289005643078131e-05,0.00022926899964659242,0.7152474460008307,120,5367.728196866,1786047411.4916973
7180,0.81,0.0004549437726382166,1.656567555821799e-05,8.282837779108994e-05,0.00021267199917929247,0.959881525000128,104,5375.366794873,1786047419.0648384
7190,0.81,0.0007034334121271968,1.655332287626674e-05,8.276661438133369e-05,0.0002161070005968213,0.7169441539999752,117,5382.65429564,1786047426.7033775
7200,0.81,0.0005182267632335424,1.6540953277930925e-05,8.270476638965462e-05,0.0002199380005549756,0.7097663109998393,104,5389.697013371,1786047433.9909227
7210,0.81,0.0026287792716175318,1.652856680089049e-05,8.264283400445244e-05,0.0002219970001533511,0.7181018840001343,117,5397.244430785,1786047441.033684
7220,0.81,0.003070286475121975,1.651616348287679e-05,8.258081741438395e-05,0.00020355000015115365,0.7327820609998525,106,5405.193600014,1786047448.5810902
7230,0.81,0.003544723615050316,1.650374336167248e-05,8.251871680836241e-05,0.0004996340003344812,0.7275736800002051,118,5412.572339757,1786047456.530287
7240,0.82,0.0026324971113353968,1.6491306475111414e-05,8.245653237555706e-05,0.0002572150006017182,0.7330570830008583,112,5419.689333578,1786047463.9089975
7250,0.82,0.0007998740766197443,1.6478852861078486e-05,8.239426430539243e-05,0.00027549199967324967,0.6991226929994809,111,5427.390924203,1786047471.0260327
7260,0.82,0.00037480570608749986,1.646638255750958e-05,8.233191278754791e-05,0.00020499899983406067,0.8777264440004728,109,5435.158483531,1786047478.727582
7270,0.82,0.0007481980137526989,1.6453895602391402e-05,8.2269478011957e-05,0.00020381000013003359,0.7104035639995345,109,5442.524630597,1786047486.495155
7280,0.82,0.001388194621540606,1.6441392033761378e-05,8.220696016880688e-05,0.00020427500021469314,0.6840193930001988,109,5449.693769106,1786047493.861128
7290,0.82,0.001195372547954321,1.6428871889707543e-05,8.214435944853771e-05,0.00021993500013195444,0.6950184870001976,113,5457.459346796,1786047501.0304186
7300,0.82,0.00044220336712896824,1.6416335208368438e-05,8.208167604184218e-05,0.00035008999930141727,0.972995761000675,116,5464.855418384,1786047508.7960033
7310,0.82,0.0043420689180493355,1.640378202793296e-05,8.201891013966478e-05,0.000206902000172704,0.6955337720000898,117,5472.097311204,1786047516.1920965
7320,0.82,0.0012027228949591517,1.6391212386640274e-05,8.195606193320136e-05,0.00026866200005315477,0.6951769750003223,107,5479.201071772,1786047523.4339252
7330,0.83,0.0012240961659699678,1.6378626322779693e-05,8.189313161389846e-05,0.00020562400004564552,0.7033324970007016,109,5486.820132535,1786047530.5377102
7340,0.83,0.0005289065302349627,1.6366023874690543e-05,8.183011937345271e-05,0.00028590799956873525,0.7103784829996584,119,5494.225687674,1786047538.1567688
7350,0.83,0.010649619624018669,1.6353405080762073e-05,8.176702540381035e-05,0.00026872000034927623,0.6794467719992099,111,5501.734937831,1786047545.5622926
7360,0.83,0.001492482260800898,1.6340769979433314e-05,8.170384989716657e-05,0.00021187599941185908,0.6956402529995103,117,5508.792482406,1786047553.071586
7370,0.83,0.0006512734107673168,1.6328118609192977e-05,8.164059304596489e-05,0.00027494300047692377,0.6928827410001759,109,5516.395849703,1786047560.129072
7380,0.83,0.0016403573099523783,1.631545100857933e-05,8.157725504289665e-05,0.00021644499975082,0.7094277440000951,108,5523.589784845,1786047567.7325432
7390,0.83,0.0027906401082873344,1.630276721618008e-05,8.15138360809004e-05,0.00021631499930663267,0.7417573279999488,117,5531.086137703,1786047574.9264503
7400,0.83,0.001108249300159514,1.629006727063226e-05,8.14503363531613e-05,0.00020024300010845764,0.6960980220001147,113,5538.140430911,1786047582.4227664
7410,0.83,0.0009910922963172197,1.6277351210622105e-05,8.138675605311052e-05,0.00021715099956054473,0.68285460900006,103,5545.818855169,1786047589.4771075
7420,0.84,0.0022216495126485825,1.626461907488494e-05,8.13230953744247e-05,0.0002120199997079908,0.6964340220001759,111,5553.254241822,1786047597.155379
7430,0.84,0.0031751252245157957,1.625187090220506e-05,8.125935451102529e-05,0.0004797199999302393,0.7019890889996532,113,5560.794803642,1786047604.5908036
7440,0.84,0.001085363095626235,1.6239106731415604e-05,8.119553365707803e-05,0.00019909799993911292,0.7106312659998366,114,5567.855047217,1786047612.131421
7450,0.84,0.003489976515993476,1.622632660139846e-05,8.113163300699229e-05,0.00025411200022062985,0.6925265760000912,107,5575.425104576,1786047619.191674
7460,0.84,0.008107074536383152,1.621353055108411e-05,8.106765275542055e-05,0.00020482499985519098,0.7250655560001178,111,5582.822775609,1786047626.761694
7470,0.84,0.0009549541282467544,1.620071861945155e-05,8.100359309725774e-05,0.00022357600028044544,0.7152736550006011,107,5590.296731682,1786047634.1594412
7480,0.84,0.0011305301450192928,1.618789084552814e-05,8.09394542276407e-05,0.00022260900004766881,0.7138247879993287,114,5597.386209345,1786047641.6333318
7490,0.84,0.004520129878073931,1.617504726838951e-05,8.087523634194755e-05,0.00022349499977281084,0.6844917420003185,110,5605.104108954,1786047648.7228205
7500,0.84,0.0006355828372761607,1.6162187927159415e-05,8.081093963579707e-05,0.00020398299966473132,0.7220246239994594,104,5612.45443,1786047656.44077
7510,0.85,0.0012045394396409392,1.6149312861009646e-05,8.074656430504824e-05,0.00036208799974701833,0.7611721040002521,105,5620.074008229,1786047663.7910066
7520,0.85,0.00028349700733087957,1.6136422109159887e-05,8.068211054579944e-05,0.00021608199949696427,0.7305669090001174,109,5627.145718862,1786047671.4106104
7530,0.85,0.001772122923284769,1.61235157108776e-05,8.0617578554388e-05,0.00020635399960156064,0.6973024529997929,116,5634.883544725,1786047678.4823687
7540,0.85,0.0007678188849240541,1.611059370547791e-05,8.055296852738957e-05,0.00021806099994137185,0.6942880269998568,111,5642.037852426,1786047686.2201135
7550,0.85,0.0038239446002990007,1.6097656132323497e-05,8.048828066161747e-05,0.0002435589995002374,0.7183776819993,112,5649.48663134,1786047693.3744884
7560,0.85,0.0016268390463665128,1.6084703030824444e-05,8.042351515412221e-05,0.00022618799994233996,0.7454885539991665,103,5656.637993533,1786047700.8232343
7570,0.85,0.0012664719251915812,1.6071734440438142e-05,8.035867220219071e-05,0.00022373399951902684,0.7074997930003519,114,5664.53233695,1786047707.9747777
7580,0.85,0.0006642353837378323,1.6058750400669175e-05,8.029375200334588e-05,0.00029515699952753494,0.9391006870000638,109,5671.960695326,1786047715.8687437
7590,0.85,0.0016155419871211052,1.6045750951069177e-05,8.022875475534589e-05,0.00023644799966859864,0.7316516070004582,103,5679.214470578,1786047723.2972977
7600,0.86,0.0005539983394555748,1.6032736131236722e-05,8.016368065618361e-05,0.00020417999985511415,0.6953205030004028,103,5686.586724505,1786047730.5511165
7610,0.86,0.0020566307939589024,1.6019705980817216e-05,8.009852990408607e-05,0.00024041399956331588,0.73126313100056,111,5694.345186132,1786047737.9232757
7620,0.86,0.0008952119969762862,1.6006660539502746e-05,8.003330269751373e-05,0.00021238000044832006,0.7047797069999433,115,5701.681975858,1786047745.681813
7630,0.86,0.00167576945386827,1.5993599847031995e-05,7.996799923515998e-05,0.00021414700040622847,0.7028184900000269,116,5709.225504574,1786047753.0185516
7640,0.86,0.004335810896009207,1.59805239431901e-05,7.99026197159505e-05,0.0005529290001504705,0.8787776750004923,108,5716.425920529,1786047760.5621815
7650,0.86,0.002748472848907113,1.5967432867808524e-05,7.983716433904262e-05,0.0002193099999203696,0.6953189030000431,105,5724.111910238,1786047767.7625134
7660,0.86,0.003415767103433609,1.595432666076496e-05,7.97716333038248e-05,0.00030735900054423837,0.696606483999858,112,5731.302314371,1786047775.4484935
7670,0.86,0.0008441234822385013,1.594120536198319e-05,7.970602680991594e-05,0.000267747000179952,0.681765151000036,108,5738.64712756,1786047782.6389976
7680,0.86,0.0009792818455025554,1.5928069011432955e-05,7.964034505716477e-05,0.000277185999948415,0.726941289000024,118,5745.926414495,1786047789.983712
7690,0.87,0.0014816027833148837,1.5914917649129864e-05,7.957458824564932e-05,0.00020968900025764015,0.6857995199998186,109,5754.067602897,1786047797.263161
7700,0.87,0.0033575845882296562,1.5901751315135247e-05,7.950875657567623e-05,0.00027006600066670217,0.8386080989994298,102,5761.429931893,1786047805.404218
7710,0.87,0.0005900306277908385,1.5888570049556036e-05,7.944285024778017e-05,0.0003339469994898536,0.7227017980003438,112,5768.585924844,1786047812.76662
7720,0.87,0.0005539513076655567,1.587537389254466e-05,7.93768694627233e-05,0.0002537829996072105,0.7081286650000038,115,5775.844620569,1786047819.9222412
7730,0.87,0.020087338984012604,1.58621628842989e-05,7.931081442149449e-05,0.00020374100040498888,0.6816421430003174,113,5783.716304893,1786047827.1812634
7740,0.87,0.0009873326634988189,1.5848937065061767e-05,7.924468532530885e-05,0.00023120500009099487,0.864115825999761,107,5790.963615775,1786047835.0527952
7750,0.87,0.0014724609209224582,1.5835696475121418e-05,7.917848237560709e-05,0.0002096010002787807,0.6881056190004529,108,5798.161271411,1786047842.2998583
7760,0.87,0.0002539697743486613,1.582244115481097e-05,7.911220577405484e-05,0.000260703999629186,0.7163120809991597,112,5805.422358635,1786047849.497866
7770,0.87,0.0003998212923761457,1.580917114450844e-05,7.90458557225422e-05,0.000260723999417678,0.716962954000337,113,5813.159227665,1786047856.7590032
7780,0.88,0.0014558980474248528,1.5795886484636573e-05,7.897943242318285e-05,0.00022783499935030704,0.704569430000447,114,5820.491343964,1786047864.4958258
7790,0.88,0.00036293885204941034,1.578258721566275e-05,7.891293607831373e-05,0.00019608799993875436,0.6855843180001102,113,5827.760718788,1786047871.8280509
7800,0.88,0.001133667305111885,1.5769273378098846e-05,7.884636689049423e-05,0.0002719980002439115,0.6978520920001756,109,5835.059035838,1786047879.097277
7810,0.88,0.00045645268983207643,1.5755945012501125e-05,7.877972506250563e-05,0.0002039399996647262,0.7034730239993223,113,5843.011064576,1786047886.395816
7820,0.88,0.0010386623907834291,1.57426021594701e-05,7.87130107973505e-05,0.00026058099956571823,0.6776385740004116,112,5850.290700815,1786047894.3477044
7830,0.88,0.004524506628513336,1.572924485965041e-05,7.864622429825204e-05,0.0002210829998148256,0.6809625769992635,119,5857.503673305,1786047901.6274512
7840,0.88,0.00036443807766772807,1.5715873153730713e-05,7.857936576865357e-05,0.00022041000011085998,0.7541573199996492,114,5864.891913516,1786047908.8403041
7850,0.88,0.0025072130374610424,1.570248708244354e-05,7.85124354122177e-05,0.00021941800059721572,0.9129405260000567,106,5872.643397471,1786047916.2286618
7860,0.88,0.000718211114872247,1.568908668656519e-05,7.844543343282595e-05,0.0005275540006550727,0.6990908419993502,116,5879.85325556,1786047923.9800873
7870,0.89,0.0004957530181854963,1.5675672006915587e-05,7.837836003457793e-05,0.0004093019997526426,0.7033149170001707,105,5886.996225789,1786047931.1898546
7880,0.89,0.0007780836313031614,1.5662243084358174e-05,7.831121542179087e-05,0.0003076169996347744,0.6922474269995291,120,5894.494405402,1786047938.3328981
7890,0.89,0.0013405337231233716,1.5648799959799777e-05,7.82439997989989e-05,0.00020379499983391725,0.8757575159997941,112,5902.404137428,1786047945.831126
7900,0.89,0.0006983369821682572,1.563534267419049e-05,7.817671337095244e-05,0.00023539700032415567,0.879282941999918,103,5909.759319216,1786047953.7406886
7910,0.89,0.004748160019516945,1.5621871268523533e-05,7.810935634261765e-05,0.00021591699987766333,0.7243572759998642,109,5916.873751275,1786047961.0957665
7920,0.89,0.0007853714632801712,1.5608385783835145e-05,7.804192891917572e-05,0.00021953200030111475,0.6832325380000839,109,5924.157148708,1786047968.2104125
7930,0.89,0.00045756890904158354,1.5594886261204453e-05,7.797443130602227e-05,0.00027265299922873965,0.6949269079996157,103,5931.895555345,1786047975.4937103
7940,0.89,0.0005026737344451249,1.558137274175334e-05,7.790686370876671e-05,0.0002275380002174643,0.7244643169997289,109,5939.156037141,1786047983.2321877
7950,0.89,0.0017132278298959136,1.556784526664634e-05,7.78392263332317e-05,0.0004194430002826266,0.7298637479998433,106,5946.222620084,1786047990.4925847
7960,0.9,0.0005994578241370618,1.5554303877090473e-05,7.777151938545237e-05,0.00020585799938999116,0.7363457579995156,111,5953.590552722,1786047997.559201
7970,0.9,0.006643830798566341,1.554074861433517e-05,7.770374307167586e-05,0.00022500999966723612,0.7006771670003218,110,5961.589465479,1786048004.9272215
7980,0.9,0.0019239975372329354,1.5527179519672117e-05,7.763589759836059e-05,0.00020338200010883156,0.6795221869997476,110,5968.884642038,1786048012.926124
7990,0.9,0.0015944091137498617,1.5513596634435117e-05,7.756798317217559e-05,0.0001957060003405786,0.6837778049994085,110,5975.885805631,1786048020.2213802
8000,0.9,0.0009493977995589375,1.55e-05,7.75e-05,0.00018534899936639704,0.6811318989994106,107,6006.229343518,1786048027.2224882
8010,0.9,0.00041687730117700994,1.5486389657784473e-05,7.743194828892236e-05,0.0001972759991986095,0.7065279099997497,103,6013.994177154,1786048057.5659592
8020,0.9,0.0007773707038722932,1.5472765649248e-05,7.736382824624e-05,0.0002060939996226807,0.7028828439997596,117,6021.283025817,1786048065.3307953
8030,0.9,0.0008669871604070067,1.545912801589167e-05,7.729564007945835e-05,0.00022192100004758686,0.7345511630001056,112,6028.329857836,1786048072.6195972
8040,0.91,0.0014829409774392843,1.544547679925808e-05,7.72273839962904e-05,0.00021113599996169796,0.6740549909991387,115,6035.564267974,1786048079.6665618
8050,0.91,0.00039786839624866843,1.5431812040931207e-05,7.715906020465604e-05,0.00020847300038440153,0.7398902349996206,113,6043.386557358,1786048086.9009361
8060,0.91,0.00034130035783164203,1.5418133782536268e-05,7.709066891268134e-05,0.0002567139999882784,0.6825944700003674,116,6050.698776916,1786048094.7232373
8070,0.91,0.0005786998081021011,1.540444206573962e-05,7.702221032869808e-05,0.00020941099955962272,0.6995243530000153,110,6057.768682085,1786048102.0353765
8080,0.91,0.0059116133488714695,1.5390736932248595e-05,7.695368466124298e-05,0.00021190400002524257,0.6996477510001569,111,6065.200262123,1786048109.105273
8090,0.91,0.0006037281127646565,1.5377018423811415e-05,7.688509211905707e-05,0.0007637479993718443,0.8403965419993256,107,6073.096908283,1786048116.5368855
8100,0.91,0.007064368110150099,1.5363286582217035e-05,7.681643291108519e-05,0.00019989700012956746,0.7261294439995254,108,6080.489329214,1786048124.433569
8110,0.91,0.0005603014142252505,1.534954144929502e-05,7.67477072464751e-05,0.00019630699989647837,0.7364570150002692,109,6087.593948483,1786048131.8258975
8120,0.91,0.00022028357489034534,1.5335783066915437e-05,7.667891533457719e-05,0.00021825800013175467,0.6942868219994125,109,6095.001864715,1786048138.9305706
8130,0.92,0.005017630290240049,1.53220114769887e-05,7.66100573849435e-05,0.0002258199992866139,0.8746974469995621,110,6102.833500982,1786048146.338486
8140,0.92,0.0036512098740786314,1.5308226721465464e-05,7.654113360732732e-05,0.00021394800023699645,0.6903591419995792,118,6110.002097476,1786048154.1701663
8150,0.92,0.0003298769879620522,1.529442884233648e-05,7.647214421168239e-05,0.00027946099999098806,0.6861402790000284,104,6117.076709653,1786048161.3386555
8160,0.92,0.0011892308248206973,1.528061788163248e-05,7.64030894081624e-05,0.00020089999998162966,0.6826477270005853,111,6124.586143076,1786048168.4133937
8170,0.92,0.0008513718494214118,1.5266793881424045e-05,7.633396940712023e-05,0.00021641000057570636,0.9399471219994666,111,6132.491002774,1786048175.9228406
8180,0.92,0.0011561168357729912,1.5252956883821488e-05,7.626478441910744e-05,0.0001920079994306434,0.9367816619997029,110,6139.759444751,1786048183.8276846
8190,0.92,0.0006348530296236277,1.5239106930974689e-05,7.619553465487345e-05,0.0002042360001723864,0.7077819879996241,118,6146.814512838,1786048191.0961516
8200,0.92,0.0012746695429086685,1.5225244065073016e-05,7.612622032536509e-05,0.00020622499960154528,0.7280893010001819,110,6154.413397205,1786048198.1511352
8210,0.92,0.0014795110328122973,1.5211368328345162e-05,7.60568416417258e-05,0.00021546199968724977,0.7123829060001299,117,6162.068290553,1786048205.7500458
8220,0.93,0.0005868707085028291,1.5197479763059021e-05,7.598739881529511e-05,0.00020938099987688474,0.7268773169998894,119,6169.223540311,1786048213.4048438
8230,0.93,0.0007069478160701692,1.518357841152158e-05,7.59178920576079e-05,0.00043192500015720725,0.7109398430002329,110,6176.328126498,1786048220.5601702
8240,0.93,0.0007351710228249431,1.5169664316078758e-05,7.58483215803938e-05,0.00020332700023573125,0.6840309919998617,116,6184.112743867,1786048227.6647828
8250,0.93,0.00047460515634156764,1.5155737519115308e-05,7.577868759557654e-05,0.00037570400036202045,0.8372903529998439,108,6191.392359734,1786048235.449374
8260,0.93,0.009021199308335781,1.5141798063054667e-05,7.570899031527334e-05,0.0005269349994705408,0.7037396810001155,111,6199.079058402,1786048242.729022
8270,0.93,0.00452016806229949,1.5127845990358837e-05,7.563922995179419e-05,0.00035397400006331736,0.7011723899995559,115,6206.178528279,1786048250.4156804
8280,0.93,0.004929974675178528,1.511388134352825e-05,7.556940671764125e-05,0.0002551420002419036,0.6922949509998944,107,6213.696607698,1786048257.5151734
8290,0.93,0.003463371656835079,1.5099904165101641e-05,7.549952082550821e-05,0.0002237310000055004,0.7138319089999641,117,6220.938125815,1786048265.0331256
8300,0.93,0.000929420639295131,1.5085914497655923e-05,7.542957248827961e-05,0.0002202220002800459,0.6928861890000917,112,6228.527045404,1786048272.274634
8310,0.94,0.0023603765293955803,1.5071912383806044e-05,7.535956191903022e-05,0.0002675060004548868,0.707160861000375,110,6235.752606237,1786048279.8636615
8320,0.94,0.0006844880990684032,1.5057897866204878e-05,7.52894893310244e-05,0.00020400200082804076,0.7364846740001667,115,6243.357385815,1786048287.089181
8330,0.94,0.00027618612512014806,1.504387098754307e-05,7.521935493771535e-05,0.00023428599979524733,0.6858267259995046,107,6250.814552777,1786048294.694024
8340,0.94,0.0029306726064532995,1.5029831790548927e-05,7.514915895274464e-05,0.00022786699992138892,0.6814375009998912,110,6258.30622923,1786048302.1511936
8350,0.94,0.0015135342255234718,1.501578031798828e-05,7.507890158994139e-05,0.00021252199985610787,0.6973322200001348,109,6265.478876963,1786048309.6427906
8360,0.94,0.0008461117977276444,1.5001716612664348e-05,7.500858306332173e-05,0.0002211399996667751,0.7006569909999598,118,6273.334412688,1786048316.8153634
8370,0.94,0.0007460513152182102,1.4987640717417619e-05,7.49382035870881e-05,0.00028047399973729625,0.7086022129997218,113,6280.654061478,1786048324.6710443
8380,0.94,0.0019040578044950962,1.4973552675125709e-05,7.486776337562854e-05,0.00022019900006853277,0.6987130329998763,107,6288.13137546,1786048331.990755
8390,0.94,0.0005815165350213647,1.4959452528703238e-05,7.479726264351618e-05,0.00021508000008907402,0.6805952699996851,114,6295.239380942,1786048339.4680076
8400,0.95,0.0010608774609863758,1.4945340321101698e-05,7.472670160550849e-05,0.00020977999975002604,0.6796239420000347,115,6302.988793319,1786048346.5760143
8410,0.95,0.0006776881637051702,1.4931216095309322e-05,7.465608047654661e-05,0.00021429099979286548,0.7226683089993458,110,6310.291152171,1786048354.3254693
8420,0.95,0.0003356310771778226,1.491707989435095e-05,7.458539947175475e-05,0.00028278200079512317,0.6857804840001336,103,6317.876446955,1786048361.627784
8430,0.95,0.0005653927801176906,1.4902931761287903e-05,7.451465880643951e-05,0.0004162129998803721,0.6951828159999422,110,6324.972848564,1786048369.2130716
8440,0.95,0.0014197960263118148,1.4888771739217845e-05,7.444385869608922e-05,0.00020905299970763735,0.7254727609997644,116,6332.419107525,1786048376.3094344
8450,0.95,0.0048661441542208195,1.4874599871274658e-05,7.437299935637329e-05,0.00027383399992686464,0.7150876000005155,114,6339.804297261,1786048383.7557025
8460,0.95,0.0003920404997188598,1.4860416200628313e-05,7.430208100314157e-05,0.0002029570005106507,0.7134857589999228,108,6347.261859855,1786048391.1408596
8470,0.95,0.0008486349252052605,1.4846220770484733e-05,7.423110385242366e-05,0.00026942099975713063,0.6859391670004698,108,6354.299254303,1786048398.598503
8480,0.95,0.0007546744891442358,1.4832013624085654e-05,7.416006812042828e-05,0.000192994999451912,0.720906014999855,113,6362.200545765,1786048405.6358473
8490,0.96,0.0008172818925231695,1.4817794804708513e-05,7.408897402354255e-05,0.00022248000004765345,0.7097866390004128,114,6369.596955175,1786048413.5371838
8500,0.96,0.0018204711377620697,1.4803564355666295e-05,7.401782177833148e-05,0.00020807399960176554,0.8686474429996451,111,6376.633060965,1786048420.9335546
8510,0.96,0.0004790179373230785,1.478932232030742e-05,7.39466116015371e-05,0.0002116349996867939,0.7068956729999627,110,6383.851139833,1786048427.9696841
8520,0.96,0.003004929516464472,1.4775068742015594e-05,7.387534371007797e-05,0.00021537900011026068,0.6874622649993398,111,6391.6429056,1786048435.1877427
8530,0.96,0.004487254191190004,1.4760803664209692e-05,7.380401832104847e-05,0.00022622500000579748,0.6800217259997225,115,6398.924816413,1786048442.9795465
8540,0.96,0.00048339151544496417,1.4746527130343613e-05,7.373263565171806e-05,0.00020730599953822093,0.7077586420000443,107,6406.205936794,1786048450.261379
8550,0.96,0.0025566848926246166,1.4732239183906151e-05,7.366119591953076e-05,0.00021013299920014106,0.6942914530000053,109,6413.473617035,1786048457.5425723
8560,0.96,0.002049995819106698,1.4717939868420878e-05,7.358969934210438e-05,0.0002113110003847396,0.6898841150004955,107,6421.300864071,1786048464.8102798
8570,0.96,0.0014218506403267384,1.4703629227445982e-05,7.35181461372299e-05,0.0002131569999619387,0.8758552600002076,105,6428.499566091,1786048472.6374853
8580,0.97,0.0015819794498383999,1.4689307304574157e-05,7.344653652287078e-05,0.00022486499983642716,0.8560310980001304,109,6435.759593387,1786048479.8362458
8590,0.97,0.0032633221708238125,1.4674974143432466e-05,7.337487071716233e-05,0.0002159790001314832,0.6819726249996165,105,6443.253511198,1786048487.096193
8600,0.97,0.00035823596408590674,1.4660629787682203e-05,7.330314893841101e-05,0.00028217999988555675,0.7163451279993751,108,6451.082506596,1786048494.5901852
8610,0.97,0.0046172370202839375,1.4646274281018764e-05,7.323137140509382e-05,0.0002379180004936643,0.7298301480004739,110,6458.347645962,1786048502.4191563
8620,0.97,0.002343179425224662,1.4631907667171512e-05,7.315953833585756e-05,0.0002642420004121959,0.6970175950000339,115,6465.330238861,1786048509.684295
8630,0.97,0.00045152855454944074,1.4617529989903642e-05,7.308764994951821e-05,0.0002480389994161669,0.6873495649997494,105,6472.730488668,1786048516.6668437
8640,0.97,0.0010854636784642935,1.4603141293012057e-05,7.301570646506028e-05,0.00028634000045713037,0.7342938730007518,119,6480.957346214,1786048524.0671444
8650,0.97,0.0010591479949653149,1.4588741620327215e-05,7.294370810163608e-05,0.0002207489997090306,0.8688146690001304,117,6488.261083127,1786048532.293935
8660,0.97,0.0006189356208778918,1.4574331015713025e-05,7.287165507856512e-05,0.0002142769999409211,0.8759660830000939,113,6495.374687689,1786048539.597715
8670,0.98,0.001331574167124927,1.4559909523066686e-05,7.279954761533343e-05,0.0002592030004961998,0.723284921999948,112,6502.992021405,1786048546.7115195
8680,0.98,0.0013301201397553086,1.4545477186318561e-05,7.27273859315928e-05,0.00020818499979213811,0.8667208739998387,108,6510.668834015,1786048554.3286872
8690,0.98,0.00036371726309880614,1.4531034049432053e-05,7.265517024716027e-05,0.00043754099988291273,0.7313628459996835,108,6518.059901201,1786048562.0054495
8700,0.98,0.00042865253635682166,1.4516580156403464e-05,7.258290078201731e-05,0.0003516930000841967,0.6827823559997341,115,6525.121675472,1786048569.3964534
8710,0.98,0.0008123891893774271,1.4502115551261857e-05,7.251057775630929e-05,0.000222497000322619,0.706987231000312,109,6532.612968677,1786048576.4582508
8720,0.98,0.0013254982186481357,1.4487640278068929e-05,7.243820139034464e-05,0.00022488699960376834,0.8592934420003076,113,6540.460924843,1786048583.9496353
8730,0.98,0.0008827860001474619,1.4473154380918868e-05,7.236577190459434e-05,0.0007713369996054098,0.7370702090001942,104,6547.853338667,1786048591.7975726
8740,0.98,0.0036499265115708113,1.4458657903938233e-05,7.229328951969116e-05,0.00033026599976437865,0.7245837609998489,113,6555.052240856,1786048599.189847
8750,0.99,0.0037621452938765287,1.4444150891285809e-05,7.222075445642904e-05,0.00025071199979720404,0.6933082679997824,111,6562.257074981,1786048606.3888981
8760,0.99,0.002233332023024559,1.442963338715247e-05,7.214816693576235e-05,0.00019745600002352148,0.737514628000099,107,6570.356143828,1786048613.5937562
8770,0.99,0.0007924269884824753,1.4415105435761047e-05,7.207552717880524e-05,0.00041974200030381326,0.725731886000176,111,6577.645308949,1786048621.6928608
8780,0.99,0.0022317757830023766,1.4400567081366206e-05,7.200283540683103e-05,0.00022850000004837057,0.7240239399998245,107,6584.680704943,1786048628.982086
8790,0.99,0.022913377732038498,1.4386018368254291e-05,7.193009184127146e-05,0.00021872999968763907,0.7174468189996333,110,6592.058562429,1786048636.0172992
8800,0.99,0.00023396420874632895,1.437145934074321e-05,7.185729670371605e-05,0.00028738899982272414,0.890450482000233,107,6599.917395252,1786048643.3951035
8810,0.99,0.00089242123067379,1.435689004318228e-05,7.17844502159114e-05,0.00021721000030083815,0.7259215750000294,105,6607.202997889,1786048651.2540007
8820,0.99,0.0007181933615356684,1.4342310519952115e-05,7.171155259976058e-05,0.00023220099956233753,0.7664679409999735,110,6614.202775195,1786048658.5395107
8830,0.99,0.00800445768982172,1.4327720815464466e-05,7.163860407732232e-05,0.000549211000361538,0.6937520599994969,108,6621.374755076,1786048665.539385
8840,1,0.0005016691866330802,1.4313120974162105e-05,7.156560487081053e-05,0.0002391660000284901,0.7081086349999168,111,6629.347882587,1786048672.7114475
8850,1,0.002114849863573909,1.4298511040518677e-05,7.149255520259339e-05,0.00021568600004684413,0.7295409329999529,109,6636.433847092,1786048680.6845646
8860,1,0.013415990397334099,1.4283891059038577e-05,7.141945529519288e-05,0.00017909399957716232,0.6998284419996708,107,6643.322210174,1786048687.7705233
8870,1,0.00046129661495797336,1.4269261074256808e-05,7.134630537128404e-05,0.00018504099989513634,0.6632824779999282,110,6650.553318156,1786048694.6588392
8880,1,0.0011122545693069696,1.425462113073883e-05,7.127310565369415e-05,0.00018477199955668766,0.7982021280004119,110,6659.347938832,1786048701.8900106
8890,1,0.0013294467935338616,1.4239971273080463e-05,7.11998563654023e-05,0.00020366099943203153,0.6836144279996006,116,6666.666799494,1786048710.6845443
8900,1,0.0008511340129189193,1.42253115459077e-05,7.11265577295385e-05,0.00017805900006351294,0.6935336850001477,110,6673.731995297,1786048718.0035577
8910,1,0.0004333346732892096,1.4210641993876628e-05,7.105320996938313e-05,0.000212011999792594,0.703262566000376,120,6681.120027727,1786048725.068679
8920,1,0.0005606251652352512,1.4195962661673235e-05,7.097981330836617e-05,0.00028162500075268326,0.8570733790002123,112,6688.894730834,1786048732.4566784
8930,1.01,0.0007878539036028087,1.4181273594013317e-05,7.090636797006658e-05,0.0002427199997327989,0.6919582900000023,117,6696.097951964,1786048740.2313566
8940,1.01,0.0010661768028512597,1.4166574835642317e-05,7.083287417821158e-05,0.00022483700013253838,0.699923506000232,112,6703.251596389,1786048747.4345896
8950,1.01,0.0023387782275676727,1.4151866431335209e-05,7.075933215667604e-05,0.000203927999791631,0.7228088900001239,113,6710.510929149,1786048754.5882342
8960,1.01,0.001470880233682692,1.4137148425896338e-05,7.068574212948169e-05,0.00023890000011306256,0.6988296700001229,114,6718.035248867,1786048761.8474765
8970,1.01,0.0007730459910817444,1.4122420864159303e-05,7.061210432079652e-05,0.00021412299975054339,0.7302693379997436,118,6725.42999597,1786048769.3718576
8980,1.01,0.0005506844609044492,1.4107683790986812e-05,7.053841895493407e-05,0.0002093920002153027,0.7179220979996899,111,6732.59351984,1786048776.7666414
8990,1.01,0.0005686344811692834,1.4092937251270548e-05,7.046468625635274e-05,0.00021196399939071853,0.7019708660000106,109,6739.956256074,1786048783.9301212
9000,1.01,0.001813987153582275,1.4078181289931021e-05,7.03909064496551e-05,0.0002109870001731906,0.6921147419998306,110,6747.574168844,1786048791.2927449
9010,1.01,0.0005829858127981424,1.4063415951917453e-05,7.031707975958727e-05,0.00018094200004270533,0.7056371709995801,109,6754.842429442,1786048798.910821
9020,1.02,0.0004956810153089464,1.4048641282207624e-05,7.024320641103812e-05,0.00020169399977021385,0.7185491030004414,113,6761.924829147,1786048806.1791131
9030,1.02,0.0008563726441934705,1.403385732580774e-05,7.01692866290387e-05,0.00020513200070126913,0.6872119979998388,117,6769.244436778,1786048813.2614374
9040,1.02,0.0006069847149774432,1.4019064127752298e-05,7.009532063876149e-05,0.00027038799998990726,0.7538303029996314,106,6777.009450932,1786048820.5811071
9050,1.02,0.000492289022076875,1.4004261733103938e-05,7.00213086655197e-05,0.00043317099971318385,0.689903167999546,115,6784.26133094,1786048828.3461003
9060,1.02,0.0006734543712809682,1.3989450186953331e-05,6.994725093476664e-05,0.00020823600061703473,0.7158670230001007,105,6791.449401049,1786048835.597995
9070,1.02,0.0006849428173154593,1.3974629534419008e-05,6.987314767209504e-05,0.00028620400007639546,0.7453489839999747,109,6798.979367063,1786048842.785967
9080,1.02,0.0023433694150298834,1.3959799820647251e-05,6.979899910323624e-05,0.00022251700011111097,0.9548549230003118,111,6806.480095994,1786048850.316008
9090,1.02,0.007347650360316038,1.3944961090811937e-05,6.972480545405969e-05,0.00021210800059634494,0.721709257000839,117,6813.941431883,1786048857.8165164
9100,1.02,0.003786653745919466,1.393011339011441e-05,6.965056695057205e-05,0.00021570500030065887,0.7212468039997475,112,6821.188596541,1786048865.277973
9110,1.03,0.004992655944079161,1.3915256763783347e-05,6.957628381891673e-05,0.0003375629994479823,0.7096350980000352,108,6828.478035112,1786048872.5252402
9120,1.03,0.00038686118205077946,1.3900391257074601e-05,6.9501956285373e-05,0.00020210999991832068,0.7304010020006899,105,6836.092476668,1786048879.814636
9130,1.03,0.010706428438425064,1.3885516915271087e-05,6.942758457635543e-05,0.00028271100018173456,0.7249764660000437,114,6843.493736266,1786048887.4288597
9140,1.03,0.0010973773896694183,1.3870633783682632e-05,6.935316891841316e-05,0.00019613699987530708,0.6962615330003246,107,6850.576204349,1786048894.8303485
9150,1.03,0.0012629595585167408,1.3855741907645833e-05,6.927870953822915e-05,0.00020221900012984406,0.7307987690001028,110,6857.996025756,1786048901.9127674
9160,1.03,0.00020173874509055167,1.3840841332523924e-05,6.920420666261962e-05,0.00023559900000691414,0.7006113629995525,106,6865.655555128,1786048909.3327472
9170,1.03,0.0011084898142144084,1.3825932103706645e-05,6.912966051853323e-05,0.00025281299986090744,0.7305071270002372,110,6873.030499271,1786048916.9922175
9180,1.03,0.002810943406075239,1.3811014266610094e-05,6.905507133305046e-05,0.0002750289995674393,0.695935367999482,113,6880.132645552,1786048924.3669808
9190,1.03,0.0006316055660136044,1.379608786667659e-05,6.898043933338294e-05,0.0002730529995460529,0.7102195790002952,103,6887.864264522,1786048931.4688675
9200,1.04,0.000753489148337394,1.3781152949374527e-05,6.890576474687263e-05,0.0002504029998817714,0.9680043890002707,113,6895.315721689,1786048939.200753
9210,1.04,0.00429988419637084,1.3766209560198267e-05,6.883104780099133e-05,0.00020128600044699851,0.7276932839995425,115,6902.804229543,1786048946.652335
9220,1.04,0.0019449465908110142,1.3751257744667952e-05,6.875628872333976e-05,0.00020704100006696535,0.7000588099999732,116,6909.794625403,1786048954.1405602
9230,1.04,0.016412610188126564,1.3736297548329414e-05,6.868148774164707e-05,0.0002791249999063439,0.6836236269991787,113,6917.583220588,1786048961.1312902
9240,1.04,0.0002216440043412149,1.3721329016754003e-05,6.860664508377001e-05,0.0006095819999245577,0.8398170410000603,107,6924.818696406,1786048968.9198155
9250,1.04,0.0006078691221773624,1.3706352195538457e-05,6.853176097769229e-05,0.0002106040001308429,0.7139521310000418,114,6932.314205182,1786048976.1552124
9260,1.04,0.004512739833444357,1.3691367130304783e-05,6.845683565152391e-05,0.00020826200034207432,0.7259049350004716,118,6939.46559828,1786048983.6508405
9270,1.04,0.002217081841081381,1.3676373866700074e-05,6.838186933350038e-05,0.00020895000034215627,0.7168755639995652,110,6947.15819137,1786048990.802121
9280,1.04,0.001126389834098518,1.3661372450396422e-05,6.83068622519821e-05,0.0002458690005369135,0.6821892090001711,117,6954.628432371,1786048998.494858
9290,1.05,0.0015348438173532486,1.3646362927090735e-05,6.823181463545368e-05,0.00020824200055358233,0.7237982400001783,107,6962.155921355,1786049005.965072
9300,1.05,0.001448900904506445,1.3631345342504632e-05,6.815672671252316e-05,0.00025176400049531367,0.7230746470004306,109,6969.238190259,1786049013.4923615
9310,1.05,0.002580597996711731,1.3616319742384274e-05,6.808159871192136e-05,0.0003825170006166445,0.7260556889996224,104,6976.862212327,1786049020.5747313
9320,1.05,0.0011473691556602716,1.3601286172500245e-05,6.800643086250122e-05,0.00038573299934796523,0.8414185490000818,115,6984.360476952,1786049028.1988378
9330,1.05,0.0004246110620442778,1.3586244678647411e-05,6.793122339323705e-05,0.00022321199958241777,0.7063636559996667,109,6991.710406471,1786049035.697076
9340,1.05,0.00017432012828066945,1.3571195306644763e-05,6.785597653322381e-05,0.0002577640007075388,0.7042476560000068,105,6999.128344165,1786049043.0470862
9350,1.05,0.0014124783920124173,1.3556138102335308e-05,6.778069051167654e-05,0.0007588170001326944,0.7086629840005116,108,7006.878666987,1786049050.4648976
9360,1.05,0.0003552597190719098,1.354107311158589e-05,6.770536555792944e-05,0.0002373059996898519,0.7287406499999634,105,7014.421116228,1786049058.2153354
9370,1.05,0.0004912013537250459,1.3526000380287092e-05,6.763000190143546e-05,0.00021407399981399067,0.8749887269996179,116,7021.687671778,1786049065.7575233
9380,1.06,0.001760023762471974,1.3510919954353065e-05,6.755459977176533e-05,0.00022769899987906683,0.8793304579994583,117,7028.939139299,1786049073.0243087
9390,1.06,0.0007161536486819386,1.3495831879721404e-05,6.747915939860702e-05,0.00028660099997068755,0.7263671769997018,112,7036.821636412,1786049080.2757723
9400,1.06,0.0008571321959607303,1.3480736202352993e-05,6.740368101176496e-05,0.0002508119996491587,0.697834421999687,104,7044.15210371,1786049088.15804
9410,1.06,0.0021833099890500307,1.3465632968231894e-05,6.732816484115947e-05,0.00022065899975132197,0.7301236339999377,119,7051.451685973,1786049095.4886694
9420,1.06,0.0038964322302490473,1.345052222336517e-05,6.725261111682584e-05,0.000229674000365776,0.6839915040000051,110,7058.833693674,1786049102.788335
9430,1.06,0.0003432585799600929,1.3435404013782774e-05,6.717702006891387e-05,0.00021479299994098255,0.7006027050001649,116,7066.360786735,1786049110.1703258
9440,1.06,0.0004102319071535021,1.342027838553739e-05,6.710139192768695e-05,0.00024985300024127355,0.9228620329995465,111,7073.957919539,1786049117.697483
9450,1.06,0.0003981064073741436,1.3405145384704312e-05,6.702572692352156e-05,0.00021225599994068034,0.887297516000217,113,7081.023647723,1786049125.2946901
9460,1.06,0.004360320512205362,1.339000505738128e-05,6.69500252869064e-05,0.0002882449998651282,0.7055841660003352,110,7088.300677988,1786049132.359808
9470,1.07,0.015494042076170444,1.3374857449688359e-05,6.687428724844179e-05,0.00019824700029857922,0.7201220840006499,113,7096.094893438,1786049139.637348
9480,1.07,0.022664619609713554,1.3359702607767784e-05,6.679851303883892e-05,0.000230237000323541,0.6843173309998747,105,7103.30038387,1786049147.431488
9490,1.07,0.019476279616355896,1.3344540577783838e-05,6.672270288891919e-05,0.0004393319995870115,0.7015678679999837,105,7110.47410503,1786049154.6370234
9500,1.07,0.006793751381337643,1.3329371405922688e-05,6.664685702961344e-05,0.0003024970001206384,0.7036454899998716,111,7117.793730756,1786049161.810724
9510,1.07,0.00035511740134097636,1.3314195138392268e-05,6.657097569196133e-05,0.00020864999987679766,0.6843376930000886,114,7125.71623317,1786049169.1303625
9520,1.07,0.0008449156885035336,1.3299011821422116e-05,6.649505910711058e-05,0.0001933390003614477,0.7002419290001853,110,7132.812582414,1786049177.0527902
9530,1.07,0.0019747475162148476,1.3283821501263252e-05,6.641910750631626e-05,0.00030599900037486805,0.7451991119996819,113,7140.178821256,1786049184.1492407
9540,1.07,0.00036771854502148926,1.3268624224188026e-05,6.634312112094014e-05,0.0002875539994420251,0.729772726000192,115,7147.472790105,1786049191.5154629
9550,1.08,0.0036086898762732744,1.3253420036489975e-05,6.626710018244987e-05,0.00022443899979407433,0.6930757670006642,105,7155.510168167,1786049198.8093655
9560,1.08,0.0019422494806349277,1.3238208984483696e-05,6.619104492241848e-05,0.00047597299999324605,0.7029352069994275,114,7162.786051584,1786049206.8468716
9570,1.08,0.004956378601491451,1.322299111450469e-05,6.611495557252344e-05,0.00025819100028456887,0.7249165140001423,104,7169.955788461,1786049214.122537
9580,1.08,0.003760633757337928,1.3207766472909224e-05,6.603883236454612e-05,0.00043155800085514784,0.7070437040001707,116,7177.38069595,1786049221.2924476
9590,1.08,0.001193021540530026,1.3192535106074204e-05,6.596267553037102e-05,0.00022504499975184444,0.9534913589995995,118,7185.141425929,1786049228.7172172
9600,1.08,0.0002266253432026133,1.317729706039701e-05,6.588648530198504e-05,0.0002517709999665385,0.7026066500002344,106,7192.484203569,1786049236.4781666
9610,1.08,0.0029352956917136908,1.3162052382295376e-05,6.581026191147688e-05,0.0002686770003492711,0.7077999900002396,109,7199.554598739,1786049243.8207633
9620,1.08,0.0006928133079782128,1.314680111820723e-05,6.573400559103614e-05,0.0002024059995164862,0.6939879419996942,111,7206.914432754,1786049250.8912327
9630,1.08,0.0004092387098353356,1.3131543314590571e-05,6.565771657295286e-05,0.00020149899955868023,0.6957672349999484,109,7214.82352159,1786049258.2511332
9640,1.09,0.002384250285103917,1.311627901792331e-05,6.558139508961655e-05,0.00019204999989597127,0.7366641569997228,109,7221.918633217,1786049266.1601083
9650,1.09,0.000648390909191221,1.3101008274703151e-05,6.550504137351576e-05,0.0001850970002124086,0.687048593000327,108,7229.218967843,1786049273.2552996
9660,1.09,0.0028083878569304943,1.3085731131447417e-05,6.542865565723708e-05,0.000472428000648506,0.708285161999811,111,7236.349661508,1786049280.5555725
9670,1.09,0.005922737065702677,1.3070447634692942e-05,6.535223817346471e-05,0.00023317399973166175,0.7227891960001216,119,7244.46352605,1786049287.6862977
9680,1.09,0.002184569835662842,1.3055157830995904e-05,6.527578915497951e-05,0.0002245799996671849,0.7016227320000326,117,7251.857662015,1786049295.800109
9690,1.09,0.0023666394408792257,1.3039861766931696e-05,6.519930883465847e-05,0.00026727600015874486,0.7477737819999675,107,7259.088855413,1786049303.19437
9700,1.09,0.0005723891663365066,1.3024559489094786e-05,6.512279744547393e-05,0.0002232529996035737,0.6878912610000043,114,7266.381420222,1786049310.4253893
9710,1.09,0.0017877969658002257,1.3009251044098563e-05,6.504625522049281e-05,0.00023890400007076096,0.8466794479991222,111,7274.492167557,1786049317.7180262
9720,1.09,0.0001761295279720798,1.2993936478575209e-05,6.496968239287605e-05,0.00035755000044446206,0.7016208099994401,109,7281.80138336,1786049325.8289008
9730,1.1,0.0008403073297813535,1.2978615839175538e-05,6.48930791958777e-05,0.00025245699998777127,0.7319279519997508,116,7288.975797784,1786049333.137965
9740,1.1,0.00030127912759780884,1.2963289172568885e-05,6.481644586284442e-05,0.00021061699953861535,0.7058747000000949,111,7296.384853798,1786049340.312367
9750,1.1,0.0003537102020345628,1.2947956525442926e-05,6.473978262721463e-05,0.0002259639995827456,0.9075448720004715,113,7304.17701138,1786049347.7214732
9760,1.1,0.0015117302536964417,1.2932617944503572e-05,6.466308972251785e-05,0.00023313700057769893,0.7033293920003416,108,7311.542924048,1786049355.5136676
9770,1.1,0.0034868326038122177,1.2917273476474792e-05,6.458636738237396e-05,0.0003321049998703529,0.9474831170000471,119,7318.69134768,1786049362.879548
9780,1.1,0.00029245857149362564,1.29019231680985e-05,6.45096158404925e-05,0.00022200400053407066,0.7285763019999649,111,7325.837259621,1786049370.0280225
9790,1.1,0.0022804143372923136,1.2886567066134397e-05,6.443283533067198e-05,0.0003932740000891499,0.7588313090000156,118,7333.942222645,1786049377.1739295
9800,1.1,0.0012799623655155301,1.2871205217359835e-05,6.435602608679918e-05,0.0003608839997468749,0.7329609100006564,115,7341.179240375,1786049385.2788367
9810,1.1,0.00031654720078222454,1.2855837668569669e-05,6.427918834284834e-05,0.0004002449995823554,0.7116505739995773,103,7348.254961878,1786049392.5158439
9820,1.11,0.0007086421828716993,1.2840464466576112e-05,6.420232233288055e-05,0.00021710499913751846,0.694006900000204,110,7355.691550051,1786049399.5915418
9830,1.11,0.003894711146131158,1.2825085658208613e-05,6.412542829104307e-05,0.00022220400023797993,0.8429862449993379,115,7363.710919007,1786049407.0281858
9840,1.11,0.0047203064896166325,1.2809701290313683e-05,6.404850645156841e-05,0.00019825100025627762,0.692206540999905,110,7371.02887724,1786049415.0475864
9850,1.11,0.007696928922086954,1.2794311409754776e-05,6.397155704877388e-05,0.00027886899988516234,0.7578065210000204,113,7378.272077236,1786049422.3654106
9860,1.11,0.00046101323096081614,1.2778916063412137e-05,6.389458031706068e-05,0.0002231700000265846,0.7267716269998346,114,7385.690528836,1786049429.608689
9870,1.11,0.00021083986212033778,1.276351529818266e-05,6.38175764909133e-05,0.0008010279998416081,0.6917684919999374,112,7393.608317679,1786049437.0271516
9880,1.11,0.003068805206567049,1.2748109160979749e-05,6.374054580489874e-05,0.00022570100009033922,0.734408207999877,113,7400.896619369,1786049444.9449592
9890,1.11,0.00014078400272410363,1.2732697698733168e-05,6.366348849366584e-05,0.0002362989998800913,0.7255884329997571,110,7408.096040248,1786049452.2332847
9900,1.11,0.004651038907468319,1.2717280958388904e-05,6.358640479194452e-05,0.0003556769997885567,0.6814531160007391,106,7415.222830941,1786049459.4325373
9910,1.12,0.00031462169135920703,1.2701858986909022e-05,6.350929493454511e-05,0.0002638749992911471,0.7013584120004452,105,7422.888757474,1786049466.559281
9920,1.12,0.0019322677981108427,1.2686431831271523e-05,6.343215915635762e-05,0.0003226039998480701,0.6868894460003503,120,7430.190796731,1786049474.2253127
9930,1.12,0.0016645146533846855,1.2670999538470198e-05,6.335499769235099e-05,0.00020534100076474715,0.7031277759997465,108,7437.413735324,1786049481.5273304
9940,1.12,0.001159984851256013,1.2655562155514482e-05,6.327781077757241e-05,0.0002204470001743175,0.7416543529998307,110,7444.659825567,1786049488.7503498
9950,1.12,0.004208860918879509,1.2640119729429329e-05,6.320059864714664e-05,0.00023454100028175162,0.6937136819997249,114,7452.547190953,1786049495.9965036
9960,1.12,0.00043793540680781007,1.2624672307255042e-05,6.31233615362752e-05,0.00042585299979691627,0.9041373210002348,118,7459.771442636,1786049503.8838768
9970,1.12,0.0007042321376502514,1.2609219936047147e-05,6.304609968023572e-05,0.0002198410002165474,0.6845032219998757,115,7466.938197832,1786049511.1078153
9980,1.12,0.002696820767596364,1.2593762662876252e-05,6.296881331438125e-05,0.00021166300030017737,0.6896879809992242,110,7474.129017138,1786049518.274839
9990,1.12,0.0005173069657757878,1.2578300534827885e-05,6.289150267413942e-05,0.0004443519992491929,0.7192188310000347,103,7481.89164501,1786049525.4655077
10000,1.13,0.007331978064030409,1.2562833599002376e-05,6.281416799501188e-05,0.0001964430002772133,0.7226919650001946,113,7514.293189455,1786049533.2283232
10010,1.13,0.005645150784403086,1.2547361902514686e-05,6.273680951257342e-05,0.00019851500019285595,0.7254616650006938,116,7521.415590352,1786049565.630032
10020,1.13,0.0017008186550810933,1.2531885492494293e-05,6.265942746247146e-05,0.00020238300021446776,0.6934387060000518,119,7528.674129105,1786049572.7522726
10030,1.13,0.0008733406430110335,1.2516404416085024e-05,6.258202208042511e-05,0.0001964270004464197,0.7423715430004449,105,7536.845214849,1786049580.010684
10040,1.13,0.0023318410385400057,1.250091872044492e-05,6.250459360222461e-05,0.00021853299949725624,0.9278716680000798,111,7544.133844195,1786049588.1817791
10050,1.13,0.004262326285243034,1.24854284527461e-05,6.24271422637305e-05,0.0004024979998575873,0.6998009660001117,112,7551.240702983,1786049595.4704273
10060,1.13,0.0053703137673437595,1.2469933660174602e-05,6.234966830087301e-05,0.00021143199955986347,0.6932474429995636,112,7558.889209025,1786049602.5773473
10070,1.13,0.005064672790467739,1.2454434389930252e-05,6.227217194965126e-05,0.0002075669999612728,0.9290844050001397,111,7566.492298952,1786049610.2256932
10080,1.13,0.0005092895007692277,1.2438930689226516e-05,6.219465344613258e-05,0.00022218899994186359,0.8872341639998922,116,7573.756134535,1786049617.8289793
10090,1.14,0.0005569630302488804,1.2423422605290355e-05,6.211711302645177e-05,0.00021167200065974612,0.6798633749995133,115,7580.722705106,1786049625.092805
10100,1.14,0.000669361324980855,1.240791018536208e-05,6.203955092681039e-05,0.00036058699970453745,0.6862392249995537,111,7588.345440557,1786049632.059173
10110,1.14,0.001082323375158012,1.2392393476695214e-05,6.196196738347607e-05,0.00020716200015158392,0.7105828370004019,109,7595.687480205,1786049639.682109
10120,1.14,0.0005852358881384134,1.2376872526556344e-05,6.188436263278172e-05,0.0002349639999010833,0.6834612289994766,114,7603.019188128,1786049647.0241876
10130,1.14,0.00039027573075145483,1.2361347382224976e-05,6.180673691112488e-05,0.00020823300019401358,0.6877567689998614,115,7610.116875131,1786049654.3557866
10140,1.14,0.0004294240497983992,1.2345818090993389e-05,6.172909045496694e-05,0.0002078159996017348,0.6960591589995602,112,7617.483114559,1786049661.4535017
10150,1.14,0.0002705084334593266,1.23302847001665e-05,6.165142350083249e-05,0.00021995499992044643,0.6859983770000326,117,7624.925138241,1786049668.8197536
10160,1.14,0.0032271507661789656,1.2314747257061705e-05,6.157373628530852e-05,0.0002211660003013094,0.6866445050000038,109,7632.35448558,1786049676.261782
10170,1.14,0.0010995757766067982,1.2299205809008758e-05,6.149602904504379e-05,0.00025619499956519576,0.6974082070000804,114,7639.38267327,1786049683.6911688
10180,1.15,0.0011418894864618778,1.2283660403349606e-05,6.141830201674804e-05,0.00019372899987502024,0.6849548460004371,117,7646.992676653,1786049690.7192724
10190,1.15,0.0042829206213355064,1.2268111087438244e-05,6.134055543719121e-05,0.00020382399998197798,0.6872534159992938,113,7654.395214801,1786049698.3292763
10200,1.15,0.0006459408323280513,1.225255790864059e-05,6.126278954320295e-05,0.00020037899957969785,0.7339663209995706,114,7661.989302132,1786049705.7318394
10210,1.15,0.0002446600701659918,1.2237000914334321e-05,6.11850045716716e-05,0.00039915399975143373,0.7386787260002166,118,7669.09016042,1786049713.325925
10220,1.15,0.0028211530297994614,1.2221440151908741e-05,6.11072007595437e-05,0.00032275900048261974,0.702945085000465,106,7676.92498089,1786049720.4268098
10230,1.15,0.0017105990555137396,1.220587566876463e-05,6.102937834382315e-05,0.00023444999987987103,0.8847883930002354,118,7684.167583429,1786049728.261624
10240,1.15,0.0005104120937176049,1.2190307512314104e-05,6.095153756157051e-05,0.0002171950000047218,0.7031769760005773,113,7691.565327586,1786049735.5042236
10250,1.15,0.0017709750682115555,1.2174735729980468e-05,6.087367864990233e-05,0.00021756100068159867,0.6851673390001451,111,7698.726738806,1786049742.9019525
10260,1.16,0.0014194186078384519,1.2159160369198066e-05,6.079580184599033e-05,0.0002350510003452655,0.7477655290003895,114,7706.521034728,1786049750.063323
10270,1.16,0.0013929553097113967,1.2143581477412157e-05,6.071790738706078e-05,0.0002528349996282486,0.8476655539998319,113,7713.863285508,1786049757.857561
10280,1.16,0.0004417616582941264,1.212799910207874e-05,6.06399955103937e-05,0.00025165999977616593,0.697652291999475,106,7721.321107563,1786049765.1998298
10290,1.16,0.003264835337176919,1.2112413290664435e-05,6.0562066453322175e-05,0.00022297199939202983,0.9044903730009537,106,7728.402849935,1786049772.6577816
10300,1.16,0.0005559477722272277,1.2096824090646328e-05,6.0484120453231644e-05,0.00020602800032065716,0.7016043519997766,112,7735.937528859,1786049779.7392757
10310,1.16,0.00082357571227476,1.2081231549511825e-05,6.040615774755912e-05,0.0002155069996661041,0.8655684189998283,113,7743.11552882,1786049787.2741663
10320,1.16,0.002823808928951621,1.2065635714758513e-05,6.032817857379256e-05,0.0002228459998150356,0.6880197070004215,108,7750.541360141,1786049794.452165
10330,1.16,0.00013787258649244905,1.2050036633894e-05,6.0250183169469996e-05,0.00022532900038640946,0.7240591610006959,107,7757.611870249,1786049801.878018
10340,1.16,0.0007177132065407932,1.20344343544358e-05,6.0172171772179e-05,0.00020678500004578382,0.7154982360007125,106,7765.434646145,1786049808.9485047
10350,1.17,0.0005957178655080497,1.2018828923911163e-05,6.009414461955582e-05,0.0002325630011910107,0.8783716699999786,116,7772.581123303,1786049816.7712336
10360,1.17,0.0016667181625962257,1.200322038985693e-05,6.001610194928464e-05,0.0001991280005313456,0.8602937599989673,106,7779.945226804,1786049823.917192
10370,1.17,0.0013663889840245247,1.1987608799819407e-05,5.993804399909704e-05,0.0005147289994056337,0.7160993950001284,113,7787.037874954,1786049831.281792
10380,1.17,0.0021160789765417576,1.1971994201354208e-05,5.985997100677103e-05,0.00021908400049142074,0.7308764389999851,115,7794.477192627,1786049838.3745623
10390,1.17,0.00014665738854091614,1.1956376642026102e-05,5.978188321013051e-05,0.0003658219993667444,0.7035386999996263,113,7801.907055685,1786049845.8138642
10400,1.17,0.0005665307398885489,1.1940756169408882e-05,5.970378084704441e-05,0.0002134890000888845,0.755411403000835,104,7809.393662899,1786049853.2436907
10410,1.17,0.004348724149167538,1.1925132831085222e-05,5.962566415542611e-05,0.0002624300013849279,0.9552991010004916,109,7816.406848129,1786049860.730232
10420,1.17,0.002704625716432929,1.1909506674646518e-05,5.954753337323259e-05,0.00021359800120990258,0.6786594830009562,111,7824.164284995,1786049867.7435057
10430,1.17,0.0002558938576839864,1.1893877747692752e-05,5.946938873846376e-05,0.0002306320002389839,0.8511650410000584,111,7831.448559657,1786049875.5009797
10440,1.18,0.0062330299988389015,1.1878246097832346e-05,5.9391230489161734e-05,0.0002561029996286379,0.8791641469997558,115,7838.714809642,1786049882.7851257
10450,1.18,0.0054373047314584255,1.1862611772682017e-05,5.931305886341009e-05,0.00021952399947622325,0.8472250869999698,117,7845.744380346,1786049890.051438
10460,1.18,0.003358552698045969,1.1846974819866633e-05,5.923487409933316e-05,0.00021144199854461476,0.7306245939998917,106,7853.513066375,1786049897.0808628
10470,1.18,0.0009705589036457241,1.1831335287019056e-05,5.915667643509528e-05,0.00024344600024051033,0.8987645220004197,114,7860.722127695,1786049904.8497057
10480,1.18,0.00047787546645849943,1.1815693221780024e-05,5.907846610890012e-05,0.00026072500077134464,0.6995586450011615,109,7867.831459045,1786049912.0587296
10490,1.18,0.004169441293925047,1.1800048671797977e-05,5.900024335898988e-05,0.0002047790003416594,0.7681125550006982,102,7875.093043646,1786049919.1680923
10500,1.18,0.00028497102903202176,1.1784401684728925e-05,5.8922008423644624e-05,0.0001950189998751739,0.7238851139991311,112,7882.74210116,1786049926.4295495
10510,1.18,0.0006078247097320855,1.1768752308236308e-05,5.884376154118154e-05,0.0002221670001745224,0.7188555969987647,110,7890.029697475,1786049934.0786974
10520,1.18,0.0009840636048465967,1.1753100589990843e-05,5.876550294995421e-05,0.0002721820001170272,0.6852320899997721,106,7897.405629878,1786049941.366349
10530,1.19,0.001169492257758975,1.1737446577670371e-05,5.868723288835185e-05,0.00030818699997325893,0.6792127019998588,111,7904.806806819,1786049948.7421892
10540,1.19,0.0014158947160467505,1.1721790318959729e-05,5.8608951594798645e-05,0.00028112000109103974,0.687650214000314,116,7912.489206202,1786049956.1433656
10550,1.19,0.0007478173938579857,1.1706131861550607e-05,5.8530659307753036e-05,0.00020685199888248462,0.7171489800002746,113,7919.742911185,1786049963.8257267
10560,1.19,0.000986540107987821,1.1690471253141368e-05,5.8452356265706845e-05,0.00023547800083179027,0.7355231050005386,112,7926.909847187,1786049971.079587
10570,1.19,0.0008396090706810355,1.167480854143695e-05,5.8374042707184754e-05,0.0004269640012353193,0.7496346030002314,113,7934.344838482,1786049978.246449
10580,1.19,0.007550450041890144,1.1659143774148687e-05,5.829571887074343e-05,0.0003347450001456309,0.8384346529983304,106,7942.046589469,1786049985.6814632
10590,1.19,0.0034881404135376215,1.1643476998994174e-05,5.821738499497087e-05,0.00020831700021517463,0.6972119140009454,102,7949.299482507,1786049993.3832972
10600,1.19,0.00919873733073473,1.162780826369713e-05,5.813904131848564e-05,0.00021770900093542878,0.7208603139988554,108,7956.435518425,1786050000.6361547
10610,1.19,0.015580292791128159,1.1612137615987236e-05,5.806068807993618e-05,0.0003002160010510124,0.7206660600004398,119,7963.925357111,1786050007.772029
10620,1.2,0.0011907843872904778,1.1596465103600006e-05,5.798232551800002e-05,0.0002355899996473454,0.6969476859994757,114,7971.591645888,1786050015.2619896
10630,1.2,0.0017528434982523322,1.1580790774276624e-05,5.790395387138312e-05,0.00020921499890391715,0.9151094360004208,114,7978.893429546,1786050022.9283066
10640,1.2,0.0005337813636288047,1.1565114675763823e-05,5.782557337881911e-05,0.00024336899878107943,0.7183803730004001,115,7986.046135445,1786050030.230118
10650,1.2,0.00022874688147567213,1.1549436855813714e-05,5.774718427906857e-05,0.00021374400057538878,0.6998036879995198,110,7993.37329028,1786050037.3828163
10660,1.2,0.001203192863613367,1.1533757362183657e-05,5.766878681091828e-05,0.0002199869995820336,0.9246537900016847,113,8000.995386866,1786050044.709889
10670,1.2,0.0008771399734541774,1.1518076242636106e-05,5.759038121318053e-05,0.000278098001217586,0.7311196259997814,113,8008.284350193,1786050052.3320763
10680,1.2,0.0011206528870388865,1.1502393544938475e-05,5.751196772469237e-05,0.0005068909995316062,0.7234125830000266,104,8015.37881472,1786050059.6209667
10690,1.2,0.00047670555068179965,1.148670931686298e-05,5.74335465843149e-05,0.0002029940005741082,0.6943225440008973,103,8022.817243156,1786050066.7153938
10700,1.2,0.0012823778670281172,1.1471023606186498e-05,5.735511803093249e-05,0.0001986010011023609,0.8837813149984868,113,8030.70007499,1786050074.1537845
10710,1.21,0.0012191026471555233,1.145533646069042e-05,5.72766823034521e-05,0.00022681399968860205,0.729930235998836,110,8037.937129942,1786050082.0367446
10720,1.21,0.0003696779895108193,1.1439647928160523e-05,5.719823964080261e-05,0.00020925299941154663,0.6818679160005559,112,8044.973074814,1786050089.2737613
10730,1.21,0.0023299353197216988,1.1423958056386783e-05,5.7119790281933914e-05,0.00027140500060340855,0.693080294999163,104,8052.36205369,1786050096.309727
10740,1.21,0.003948110621422529,1.1408266893163284e-05,5.704133446581642e-05,0.00025522400028421544,0.8932530809997843,109,8060.313392076,1786050103.6987016
10750,1.21,0.0001231119967997074,1.1392574486288026e-05,5.696287243144013e-05,0.00022142099987831898,0.7438893170001393,109,8067.656288575,1786050111.6500442
10760,1.21,0.0003179516934324056,1.1376880883562798e-05,5.688440441781399e-05,0.0002567589999671327,0.7000845209986437,118,8074.798152042,1786050118.9929166
10770,1.21,0.0007811267278157175,1.1361186132793039e-05,5.680593066396519e-05,0.0003581380005925894,0.6941356860006636,115,8082.054950997,1786050126.1347523
10780,1.21,0.0015318519435822964,1.1345490281787681e-05,5.67274514089384e-05,0.00022531200011144392,0.6967766559992015,118,8089.807048563,1786050133.3915474
10790,1.21,0.0011069281026721,1.1329793378359008e-05,5.664896689179504e-05,0.00022537000040756539,0.7327993569997489,115,8097.149706002,1786050141.1436646
10800,1.22,0.00037135640741325915,1.1314095470322512e-05,5.657047735161256e-05,0.0003502849995129509,0.705594511999152,110,8104.272834397,1786050148.4863553
10810,1.22,0.0005442643305286765,1.1298396605496738e-05,5.6491983027483686e-05,0.0002199000009568408,0.6826642470005027,110,8111.630825241,1786050155.6094995
10820,1.22,0.002604336477816105,1.1282696831703156e-05,5.641348415851577e-05,0.00020687100004579406,0.8459737060002226,106,8119.568546423,1786050162.967374
10830,1.22,0.0008629627409391105,1.1266996196765997e-05,5.633498098382999e-05,0.0002560579996497836,0.7060066000012739,111,8126.808496361,1786050170.9051328
10840,1.22,0.0015339383389800787,1.1251294748512123e-05,5.6256473742560614e-05,0.00022873900161357597,0.7377182809996157,106,8133.910232969,1786050178.1451726
10850,1.22,0.0006836846587248147,1.123559253477086e-05,5.61779626738543e-05,0.0002155719994334504,0.6904682730000786,110,8141.43905471,1786050185.2468345
10860,1.22,0.00030418092501349747,1.1219889603373882e-05,5.6099448016869405e-05,0.0002013749999605352,0.9740367490012432,116,8148.897893313,1786050192.7756774
10870,1.22,0.008062886074185371,1.1204186002155035e-05,5.6020930010775174e-05,0.00022050099869375117,0.6972736600000644,116,8156.079313198,1786050200.2345138
10880,1.22,0.003542238147929311,1.1188481778950214e-05,5.594240889475107e-05,0.0007416530006594257,0.68391990300006,110,8163.066245592,1786050207.4159923
10890,1.23,0.004236908163875341,1.1172776981597211e-05,5.586388490798605e-05,0.000196750999748474,0.6797068409996427,117,8170.555639733,1786050214.4028375
10900,1.23,0.0006219818606041372,1.1157071657935555e-05,5.578535828967777e-05,0.00019762900046771392,0.9371067989995936,111,8178.376591372,1786050221.8923073
10910,1.23,0.00020840625802520663,1.1141365855806388e-05,5.570682927903194e-05,0.00018804399951477535,0.7192053489998216,113,8185.85815786,1786050229.7132714
10920,1.23,0.0005164777976460755,1.112565962305231e-05,5.5628298115261545e-05,0.00022679500034428202,0.703347021000809,104,8192.98691711,1786050237.194796
10930,1.23,0.0011045008432120085,1.1109953007517224e-05,5.5549765037586124e-05,0.000227368000196293,0.7186683809995884,110,8200.511108174,1786050244.3235435
10940,1.23,0.0004470974672585726,1.1094246057046214e-05,5.547123028523107e-05,0.00021412899877759628,0.7378442610006459,117,8208.705188537,1786050251.8477805
10950,1.23,0.00042559055145829916,1.1078538819485367e-05,5.5392694097426833e-05,0.00021779199960292317,0.7362147409985482,115,8215.943986704,1786050260.0414202
10960,1.23,0.0009364645229652524,1.1062831342681655e-05,5.5314156713408275e-05,0.00022911599990038667,0.7416342790002091,112,8222.941620414,1786050267.280551
10970,1.23,0.00031043103081174195,1.1047123674482776e-05,5.523561837241388e-05,0.00023099999998521525,0.6872638439999719,112,8230.65846632,1786050274.2782307
10980,1.24,0.0009624595986679196,1.1031415862737016e-05,5.5157079313685076e-05,0.00019822700051008724,0.853141470999617,117,8238.099990492,1786050281.9951162
10990,1.24,0.0014704812783747911,1.1015707955293087e-05,5.507853977646543e-05,0.00021262100017338526,0.6835429650000151,107,8245.598913354,1786050289.4365616
11000,1.24,0.0012801369884982705,1.1000000000000001e-05,5.500000000000001e-05,0.0003723980007634964,0.7100844319993485,112,8252.903795182,1786050296.935483
11010,1.24,0.00043998309411108494,1.098429204470692e-05,5.492146022353459e-05,0.00020700300046883058,0.7394556739982363,112,8260.495032754,1786050304.2404332
11020,1.24,0.0020246815402060747,1.096858413726299e-05,5.484292068631495e-05,0.0002133430007233983,0.679185282000617,112,8268.170716384,1786050311.8315303
11030,1.24,9.637393668526784e-05,1.0952876325517224e-05,5.476438162758611e-05,0.00021984600061841775,0.7188448500000959,105,8275.732551001,1786050319.5073543
11040,1.24,0.0007346245693042874,1.0937168657318347e-05,5.468584328659173e-05,0.00020444400070118718,0.6912437470000441,112,8282.786934267,1786050327.0691984
11050,1.24,0.0006283971597440541,1.0921461180514636e-05,5.460730590257318e-05,0.0002513840008759871,0.7107943869996234,108,8290.590729407,1786050334.1235652
11060,1.25,0.00035754265263676643,1.0905753942953792e-05,5.4528769714768956e-05,0.0003638180005509639,0.7546054989998083,105,8297.919076561,1786050341.927368
11070,1.25,0.0014263358898460865,1.0890046992482777e-05,5.445023496241388e-05,0.0002212979998148512,0.7113844929990591,117,8305.328126279,1786050349.2557623
11080,1.25,0.001567619969137013,1.0874340376947694e-05,5.4371701884738466e-05,0.0002051619994745124,0.7199615419995098,106,8312.433525361,1786050356.6647189
11090,1.25,0.0010883017675951123,1.0858634144193616e-05,5.429317072096808e-05,0.00026591200003167614,0.7262697189999017,113,8320.067732822,1786050363.7701468
11100,1.25,0.003414914244785905,1.084292834206445e-05,5.421464171032224e-05,0.00047663800069130957,0.7365673269996478,117,8327.802844829,1786050371.404203
11110,1.25,0.0005869042943231761,1.0827223018402795e-05,5.4136115092013974e-05,0.00025231700055883266,0.7299544109991984,110,8335.206739356,1786050379.1394386
11120,1.25,0.0006174204754643142,1.0811518221049787e-05,5.405759110524894e-05,0.00021234899941191543,0.7382162859994423,119,8342.399499059,1786050386.5434918
11130,1.25,0.00010760318400571123,1.0795813997844968e-05,5.397906998922484e-05,0.00021063300118839834,0.7344356779994996,105,8349.711193687,1786050393.7360857
11140,1.25,0.005424732342362404,1.0780110396626125e-05,5.390055198313062e-05,0.0005755170004704269,0.6886553919994185,116,8357.165507718,1786050401.047839
11150,1.26,0.0011798455379903316,1.0764407465229145e-05,5.382203732614572e-05,0.0004641599989554379,0.6855414009987726,105,8364.78638172,1786050408.5018191
11160,1.26,0.00035066535929217935,1.0748705251487883e-05,5.374352625743941e-05,0.00020408300042618066,0.7064839899994695,114,8371.855577519,1786050416.1230652
11170,1.26,0.0008330516866408288,1.0733003803234004e-05,5.3665019016170015e-05,0.0003837219992419705,0.7232789339996089,113,8379.268507477,1786050423.1922507
11180,1.26,0.003210165072232485,1.0717303168296847e-05,5.358651584148423e-05,0.0002151930002582958,0.7093101299997215,109,8386.654842323,1786050430.6051028
11190,1.26,0.0022709628101438284,1.0701603394503267e-05,5.3508016972516325e-05,0.0005763180015492253,0.7068917380001949,113,8394.166768914,1786050437.99145
11200,1.26,0.0001714397658361122,1.0685904529677496e-05,5.342952264838747e-05,0.0003703780002979329,0.6966150470016146,112,8401.259102614,1786050445.5033383
11210,1.26,0.0009363664430566132,1.0670206621640993e-05,5.3351033108204964e-05,0.00037707000046793837,0.6823364600004425,115,8408.665262068,1786050452.5957208
11220,1.26,0.0012335481587797403,1.0654509718212323e-05,5.327254859106161e-05,0.00024589799977547955,0.7483984680002322,109,8416.08643072,1786050460.0017297
11230,1.26,0.0014414445031434298,1.0638813867206966e-05,5.3194069336034824e-05,0.00020792400027858093,0.7218922560005012,117,8423.405383455,1786050467.423068
11240,1.27,0.0009527511429041624,1.0623119116437207e-05,5.311559558218603e-05,0.0002155639995180536,0.699992921001467,113,8430.692622168,1786050474.7420552
11250,1.27,0.0031911099795252085,1.0607425513711977e-05,5.303712756855988e-05,0.00020950299949618056,0.7051755070006038,103,8438.489014603,1786050482.0291882
11260,1.27,0.00040955349686555564,1.0591733106836717e-05,5.295866553418358e-05,0.0002473029999237042,0.8382539510002971,112,8445.809662606,1786050489.825618
11270,1.27,0.00019043535576201975,1.0576041943613218e-05,5.288020971806609e-05,0.0002954479987238301,0.7091503980009293,108,8453.307339249,1786050497.146322
11280,1.27,0.00025694945361465216,1.0560352071839482e-05,5.28017603591974e-05,0.00042265299998689443,0.8865763390003849,109,8460.318954205,1786050504.6440432
11290,1.27,0.00018347127479501069,1.0544663539309584e-05,5.272331769654791e-05,0.00019590400006563868,0.6865748720010743,108,8468.160566833,1786050511.6556356
11300,1.27,0.0018988566007465124,1.0528976393813506e-05,5.264488196906753e-05,0.00022849999913887586,0.8613695420008298,119,8475.465288678,1786050519.4968815
11310,1.27,0.001769469934515655,1.0513290683137023e-05,5.2566453415685116e-05,0.0002531099999032449,0.6812637900002301,113,8482.699786297,1786050526.8019502
11320,1.27,0.005232376977801323,1.0497606455061526e-05,5.248803227530763e-05,0.000215567999475752,0.7133700840004167,107,8489.964912761,1786050534.0364616
11330,1.28,0.002038792707026005,1.0481923757363896e-05,5.240961878681948e-05,0.0004513020012382185,0.699899789000483,118,8497.723159064,1786050541.3015385
11340,1.28,0.006385636981576681,1.0466242637816348e-05,5.233121318908174e-05,0.0002231639991805423,0.7006119220004621,111,8505.451825669,1786050549.0597835
11350,1.28,0.0008252934785559773,1.0450563144186287e-05,5.2252815720931436e-05,0.00023283900009118952,0.8889533989986376,116,8512.561064409,1786050556.7884583
11360,1.28,0.0005172450910322368,1.0434885324236182e-05,5.2174426621180906e-05,0.00022198499937076122,0.7297596490006981,113,8519.885613416,1786050563.897693
11370,1.28,0.0019463244825601578,1.041920922572338e-05,5.20960461286169e-05,0.00022243199964577798,0.69493667900133,107,8527.795508443,1786050571.2222142
11380,1.28,0.007695725187659264,1.0403534896400002e-05,5.201767448200001e-05,0.0002311469997948734,0.6963502720009274,118,8535.218263473,1786050579.1321096
11390,1.28,0.0016653573838993907,1.038786238401277e-05,5.1939311920063846e-05,0.0004350039998826105,0.8632010099991021,117,8542.319331725,1786050586.5549576
11400,1.28,0.0006853343220427632,1.0372191736302872e-05,5.186095868151436e-05,0.00021224200099823065,0.6870564290002221,105,8549.766581151,1786050593.65579
11410,1.28,0.00011910787725355476,1.0356523001005827e-05,5.1782615005029135e-05,0.0002315399997314671,0.7036045420009032,116,8558.045746701,1786050601.1032336
11420,1.29,0.0004295275721233338,1.034085622585132e-05,5.170428112925659e-05,0.00023593399964738637,0.8304884059998585,111,8565.105547089,1786050609.3824275
11430,1.29,0.0007007120875641704,1.0325191458563052e-05,5.1625957292815264e-05,0.00022444999922299758,0.7360476289995859,110,8572.31313099,1786050616.4422286
11440,1.29,0.0008833681349642575,1.0309528746858633e-05,5.154764373429316e-05,0.0002167469992855331,0.6903763209993485,108,8579.540408312,1786050623.6497927
11450,1.29,0.0005895597860217094,1.02938681384494e-05,5.1469340692246995e-05,0.0002710879998630844,0.6945978000003379,109,8587.573895298,1786050630.8768613
11460,1.29,0.0004819806490559131,1.0278209681040272e-05,5.139104840520136e-05,0.00021733100038545672,0.902655951998895,108,8595.079569072,1786050638.9104364
11470,1.29,0.0007287429179996252,1.0262553422329633e-05,5.131276711164816e-05,0.0002571339991845889,0.7300241920002009,111,8602.262826687,1786050646.4162462
11480,1.29,0.000552100595086813,1.0246899410009163e-05,5.1234497050045814e-05,0.00022462299966719002,0.7252562889989349,105,8609.621701049,1786050653.5993977
11490,1.29,0.000628732901532203,1.0231247691763695e-05,5.115623845881847e-05,0.00021722699966630898,0.9202824320000218,116,8617.368685725,1786050660.9584048
11500,1.29,0.0006940957973711193,1.0215598315271076e-05,5.107799157635538e-05,0.0002031069998338353,0.8514329469999211,107,8624.697570817,1786050668.705143
11510,1.3,0.00046007236232981086,1.019995132820203e-05,5.0999756641010146e-05,0.0005752600009145681,0.7187302940001246,113,8631.842488477,1786050676.0342124
11520,1.3,0.00015165457443799824,1.0184306778219982e-05,5.0921533891099905e-05,0.00022237900157051627,0.6951520239999809,104,8639.35459397,1786050683.1790016
11530,1.3,0.01780262589454651,1.0168664712980945e-05,5.084332356490472e-05,0.0002475319997756742,0.8812808020011289,117,8647.233827695,1786050690.6912522
11540,1.3,0.006139002740383148,1.0153025180133372e-05,5.076512590066685e-05,0.00022534900017490145,0.7319155980003416,111,8654.613673833,1786050698.5704627
11550,1.3,0.004435993265360594,1.0137388227317986e-05,5.068694113658993e-05,0.00021462299991981126,0.72446801300066,110,8661.643271377,1786050705.9503248
11560,1.3,0.00013217028754297644,1.0121753902167657e-05,5.0608769510838284e-05,0.0002587629987829132,0.6894788680001511,109,8668.73855783,1786050712.9798992
11570,1.3,0.0013678445247933269,1.010612225230725e-05,5.053061126153625e-05,0.00019878399871231522,0.7184523469986743,112,8676.468839579,1786050720.074766
11580,1.3,0.0007085227407515049,1.0090493325353483e-05,5.0452466626767415e-05,0.00022573400019609835,0.702822291999837,102,8684.026751419,1786050727.8053203
11590,1.3,0.00717568676918745,1.0074867168914779e-05,5.0374335844573894e-05,0.0002305529997101985,0.7049752029997762,114,8691.132672164,1786050735.3634
11600,1.31,0.0007827964145690203,1.005924383059112e-05,5.0296219152955604e-05,0.0002915269997174619,0.7303960440003721,115,8698.48761995,1786050742.4693081
11610,1.31,0.0013304295716807246,1.0043623357973904e-05,5.0218116789869516e-05,0.0002058730005956022,0.6922542449992761,109,8706.353310649,1786050749.824267
11620,1.31,0.000327772693708539,1.0028005798645795e-05,5.014002899322897e-05,0.00021353600095608272,0.7017551680000906,107,8713.643519309,1786050757.690036
11630,1.31,0.0003091385879088193,1.0012391200180594e-05,5.006195600090297e-05,0.00021663799998350441,0.7300972210014152,109,8720.701217982,1786050764.9801514
11640,1.31,0.000452683336334303,9.996779610143073e-06,4.998389805071536e-05,0.0002110010009346297,0.695194748999711,110,8727.980754482,1786050772.0380497
11650,1.31,0.0003872871457133442,9.98117107608884e-06,4.99058553804442e-05,0.0002599929994175909,0.6992185640010575,114,8736.078396045,1786050779.317429
11660,1.31,0.010618630796670914,9.965565645564203e-06,4.982782822782101e-05,0.0002141049990314059,0.6834278909991554,106,8743.422021038,1786050787.4150436
11670,1.31,0.003571270266547799,9.949963366106002e-06,4.974981683053001e-05,0.0004033390014228644,0.6778876989992568,111,8750.446597262,1786050794.758748
11680,1.31,0.002352701732888818,9.934364285241492e-06,4.9671821426207455e-05,0.00022058400099922437,0.7607649090004998,103,8757.836727812,1786050801.7832518
11690,1.32,0.0003261396486777812,9.918768450488176e-06,4.959384225244088e-05,0.0003259090008214116,0.7003306670012535,111,8765.671321329,1786050809.173378
11700,1.32,0.0028128549456596375,9.903175909353674e-06,4.9515879546768374e-05,0.00023944100030348636,0.7023821260008845,104,8773.197907515,1786050817.0079687
11710,1.32,0.0003320690884720534,9.887586709335568e-06,4.943793354667784e-05,0.00023170300119090825,0.7298022289996879,113,8780.211002981,1786050824.5344741
11720,1.32,0.0013345901388674974,9.872000897921262e-06,4.936000448960631e-05,0.00028258099882805254,0.7185615689995757,106,8787.697147275,1786050831.5475914
11730,1.32,0.006987402681261301,9.856418522587846e-06,4.928209261293923e-05,0.00022933199943508953,0.9106160340015776,112,8795.489675086,1786050839.0338032
11740,1.32,0.002127779647707939,9.840839630801937e-06,4.920419815400968e-05,0.00019942899962188676,0.6832401230003597,116,8802.854716196,1786050846.8263118
11750,1.32,0.0004470407438930124,9.825264270019538e-06,4.912632135009769e-05,0.00022477499987871852,0.7086130850002519,115,8809.895756065,1786050854.1913702
11760,1.32,0.007071894593536854,9.809692487685897e-06,4.904846243842949e-05,0.0002497490004316205,0.7139101789998676,119,8817.370753009,1786050861.23244
11770,1.33,0.0013898328179493546,9.794124331235372e-06,4.897062165617686e-05,0.00020706100076495204,0.8560985269996308,114,8825.10519386,1786050868.7074203
11780,1.33,0.0011651344830170274,9.778559848091262e-06,4.889279924045631e-05,0.00022273200011113659,0.7096808699989197,116,8832.37679807,1786050876.441756
11790,1.33,0.0012178606120869517,9.762999085665682e-06,4.8814995428328406e-05,0.00023995499941520393,0.6949909869999829,111,8839.504307609,1786050883.7134051
11800,1.33,0.0006089845555834472,9.747442091359414e-06,4.873721045679707e-05,0.0004339620008977363,0.7250881380005012,112,8846.881140348,1786050890.8410063
11810,1.33,0.0024744789116084576,9.731888912561757e-06,4.865944456280878e-05,0.00040913700104283635,0.8854353520000586,109,8854.788039587,1786050898.217777
11820,1.33,0.00758408335968852,9.716339596650396e-06,4.858169798325198e-05,0.00022791400078858715,0.8816169429992442,117,8862.389531977,1786050906.1244779
11830,1.33,0.00029871304286643863,9.700794190991243e-06,4.850397095495621e-05,0.00043627899867715314,0.7089186619996326,109,8869.529328783,1786050913.7261612
11840,1.33,0.00683131767436862,9.685252742938298e-06,4.842626371469148e-05,0.00021700799879909027,0.7151554410011158,110,8877.175777945,1786050920.8659039
11850,1.33,0.00037852421519346535,9.669715299833505e-06,4.834857649916752e-05,0.0002834050010278588,0.95781770999929,116,8884.654145185,1786050928.5123122
11860,1.34,0.0016515740426257253,9.654181909006615e-06,4.827090954503308e-05,0.0003716869996424066,0.7260137979992578,111,8892.081832469,1786050935.9907527
11870,1.34,0.0011977816466242075,9.638652617775027e-06,4.819326308887513e-05,0.00024191700140363537,0.7144146360005834,112,8899.145022016,1786050943.4184926
11880,1.34,0.0019165434641763568,9.623127473443658e-06,4.811563736721829e-05,0.0003482389984128531,0.737667589000921,111,8906.781112692,1786050950.481597
11890,1.34,0.0010877251625061035,9.60760652330479e-06,4.8038032616523946e-05,0.00027255199893261306,0.7055545000002894,108,8914.147107254,1786050958.1177704
11900,1.34,0.00016364500334020704,9.59208981463792e-06,4.79604490731896e-05,0.0009500180003669811,0.6790975189996971,109,8921.554944004,1786050965.4837253
11910,1.34,0.0019328227499499917,9.576577394709648e-06,4.788288697354824e-05,0.0004334209988883231,0.6993205910002871,113,8928.656021189,1786050972.8916361
11920,1.34,0.001142858061939478,9.561069310773487e-06,4.780534655386744e-05,0.0001997580002353061,0.6991793629986205,103,8935.971566786,1786050979.9926677
11930,1.34,0.0004132009344175458,9.54556561006975e-06,4.7727828050348754e-05,0.0002065070002572611,0.6865421250004147,115,8943.43285404,1786050987.3081741
11940,1.34,0.010272394865751266,9.530066339825403e-06,4.765033169912701e-05,0.0002062759995169472,0.6885675379999157,108,8950.959008733,1786050994.7695215
11950,1.35,0.0009591974085196853,9.514571547253902e-06,4.757285773626951e-05,0.00021600299987767357,0.7118764730003022,105,8958.089135086,1786051002.295645
11960,1.35,0.00013615026546176523,9.49908127955508e-06,4.74954063977754e-05,0.00020388399934745394,0.7005656469991663,105,8966.012287689,1786051009.4258053
11970,1.35,0.0020975966472178698,9.48359558391498e-06,4.741797791957489e-05,0.00024267900153063238,0.7213980730011826,111,8973.650113641,1786051017.348958
11980,1.35,0.0006878422573208809,9.46811450750571e-06,4.734057253752854e-05,0.0011325679988658521,0.7029037459997198,109,8981.11642504,1786051024.986681
11990,1.35,0.0002939713012892753,9.452638097485314e-06,4.7263190487426564e-05,0.00020490600036282558,0.709346857998753,112,8988.199343998,1786051032.4531033
12000,1.35,0.00036219568573869765,9.437166400997629e-06,4.718583200498814e-05,0.0004967650002072332,0.7046887300002709,111,9019.708324581,1786051039.5360425
12010,1.35,0.002257090061903,9.421699465172118e-06,4.7108497325860585e-05,0.00022389299920178019,0.9403721620001306,117,9027.175035883,1786051071.0449905
12020,1.35,0.001505026943050325,9.40623733712375e-06,4.703118668561876e-05,0.00019853900084854104,0.7022208100006537,109,9034.620031416,1786051078.5117157
12030,1.35,0.0030244840309023857,9.390780063952855e-06,4.695390031976427e-05,0.00021825700059707742,0.7064473210011784,117,9041.777482554,1786051085.9566257
12040,1.36,0.003142601577565074,9.375327692744961e-06,4.6876638463724804e-05,0.0002777919999061851,0.7236152330006007,106,9049.582085328,1786051093.114272
12050,1.36,0.003029285930097103,9.359880270570672e-06,4.679940135285336e-05,0.00019898199934687,0.8403400319984939,114,9056.853971943,1786051100.9185686
12060,1.36,0.0008554698433727026,9.344437844485519e-06,4.6722189222427594e-05,0.00019787400015047751,0.7073462340013066,115,9064.327349593,1786051108.190743
12070,1.36,0.0016580282244831324,9.329000461529806e-06,4.664500230764903e-05,0.00023185300051409286,0.7063044599999557,108,9071.350827492,1786051115.6640115
12080,1.36,0.001058459165506065,9.313568168728478e-06,4.6567840843642384e-05,0.00041839699952106457,0.6834330700003193,112,9079.173260926,1786051122.6874487
12090,1.36,0.0004473030858207494,9.298141013090978e-06,4.649070506545489e-05,0.0003704250011651311,0.8656728779988043,114,9086.452519516,1786051130.5098438
12100,1.36,0.002220212249085307,9.282719041611097e-06,4.641359520805548e-05,0.000217111999518238,0.6914321230015048,106,9093.858497422,1786051137.7891815
12110,1.36,0.0008957855752669275,9.267302301266835e-06,4.6336511506334174e-05,0.0002602540007501375,0.7017757599987817,106,9100.890423565,1786051145.1951165
12120,1.36,0.004083673004060984,9.251890839020254e-06,4.6259454195101274e-05,0.00020767699970747344,0.6902634479993139,105,9108.581497584,1786051152.2270875
12130,1.37,0.0035308802034705877,9.236484701817341e-06,4.6182423509086706e-05,0.00021786500110465568,0.6841894629997114,120,9116.215735656,1786051159.9181902
12140,1.37,0.0019335647812113166,9.221083936587864e-06,4.610541968293932e-05,0.0004017309984192252,0.9129216080000333,109,9123.316656928,1786051167.552383
12150,1.37,0.0004757912247441709,9.205688590245227e-06,4.6028442951226134e-05,0.0003805190008279169,0.7027772789988376,108,9130.525268161,1786051174.6531818
12160,1.37,0.0009710840531624854,9.190298709686321e-06,4.5951493548431603e-05,0.0002300000014656689,0.6821558310002729,107,9138.185863519,1786051181.8619232
12170,1.37,0.010435392148792744,9.174914341791392e-06,4.587457170895695e-05,0.00021809399913763627,0.6997385700015002,113,9145.485354874,1786051189.522325
12180,1.37,0.0009087302023544908,9.159535533423888e-06,4.5797677667119437e-05,0.0002006249997066334,0.6948883370005206,117,9152.7093211,1786051196.8220298
12190,1.37,0.0005688741221092641,9.144162331430334e-06,4.572081165715167e-05,0.00023340099869528785,0.7226552419997461,111,9160.008185102,1786051204.0460045
12200,1.37,0.0014369460986927152,9.128794782640168e-06,4.5643973913200835e-05,0.00021460799871420022,0.6948424680012977,113,9167.588948444,1786051211.3447385
12210,1.37,0.0006962589686736465,9.113432933865606e-06,4.5567164669328025e-05,0.0002006880004046252,0.6953824070005794,110,9174.981021333,1786051218.9255915
12220,1.38,0.0023021826054900885,9.098076831901503e-06,4.5490384159507516e-05,0.00022017899937054608,0.8748428580001928,118,9182.02930366,1786051226.3176968
12230,1.38,0.0013711078790947795,9.082726523525211e-06,4.5413632617626057e-05,0.00040256000102090184,0.7053079809993505,111,9189.203899937,1786051233.3659248
12240,1.38,0.0002781774091999978,9.067382055496431e-06,4.5336910277482156e-05,0.00019056500059377868,0.686249869000676,106,9197.075400809,1786051240.540681
12250,1.38,0.001758898259140551,9.052043474557075e-06,4.526021737278538e-05,0.0002033420005318476,0.8763300299997354,112,9204.426511726,1786051248.4120407
12260,1.38,0.0006903417524881661,9.03671082743112e-06,4.51835541371556e-05,0.00021187599850236438,0.6963334419997409,110,9211.456594956,1786051255.7631533
12270,1.38,0.00021258409833535552,9.021384160824461e-06,4.510692080412231e-05,0.0002119170003425097,0.7168821369996294,118,9218.750239601,1786051262.793275
12280,1.38,0.0013480641646310687,9.006063521424796e-06,4.503031760712397e-05,0.000194653999642469,0.6947446869999112,112,9226.388661986,1786051270.0868003
12290,1.38,0.0008969551417976618,8.99074895590144e-06,4.495374477950719e-05,0.00022216199977265205,0.6819240539989551,108,9233.612630643,1786051277.725308
12300,1.38,0.0012307938886806369,8.975440510905217e-06,4.487720255452608e-05,0.00024971899983938783,0.7176458799985994,108,9240.886576642,1786051284.9493074
12310,1.39,0.00025932941935025156,8.960138233068303e-06,4.480069116534151e-05,0.00021140500030014664,0.7298308389999875,112,9248.083633416,1786051292.223223
12320,1.39,0.009690581820905209,8.944842169004099e-06,4.4724210845020494e-05,0.00021511100021598395,0.6927376840012585,110,9255.832298709,1786051299.4201963
12330,1.39,0.0009692443418316543,8.929552365307062e-06,4.464776182653531e-05,0.00023888100076874252,0.7024986460000946,112,9263.215853505,1786051307.1689618
12340,1.39,0.000810334284324199,8.914268868552586e-06,4.4571344342762926e-05,0.00027474399939819705,0.6934475289999682,106,9270.277615056,1786051314.5525277
12350,1.39,0.0004834401188418269,8.898991725296855e-06,4.4494958626484276e-05,0.0002561550008977065,0.7374442649997945,109,9277.74337782,1786051321.614262
12360,1.39,0.001094756182283163,8.88372098207669e-06,4.441860491038345e-05,0.00020118900101806503,0.8788973740010988,118,9285.503621097,1786051329.0800812
12370,1.39,0.0008690758259035647,8.868456685409433e-06,4.434228342704717e-05,0.00020061400027771015,0.6878756730002351,105,9292.825850033,1786051336.840302
12380,1.39,0.0001781518367351964,8.853198881792774e-06,4.426599440896387e-05,0.00022260000150708947,0.7076706270017894,111,9299.780587062,1786051344.162409
12390,1.39,0.0050352769903838634,8.837947617704627e-06,4.4189738088523134e-05,0.0002809830002661329,0.6962450699993497,109,9306.950314113,1786051351.1172335
12400,1.4,0.0003713374608196318,8.822702939602991e-06,4.411351469801496e-05,0.00020704300004581455,0.684985706999214,113,9314.913340277,1786051358.2869923
12410,1.4,0.000488622928969562,8.807464893925797e-06,4.4037324469628986e-05,0.00023784899894963019,0.8664145109996753,110,9321.932887473,1786051366.249957
12420,1.4,0.0004534181789495051,8.792233527090777e-06,4.396116763545388e-05,0.00026005099971371237,0.6974266050001461,113,9329.214484198,1786051373.2695124
12430,1.4,0.00032334032584913075,8.777008885495315e-06,4.3885044427476574e-05,0.00023375999990093987,0.721460817998377,114,9336.485161223,1786051380.551064
12440,1.4,0.0009164270595647395,8.761791015516309e-06,4.380895507758154e-05,0.000232344000323792,0.9417125370000576,104,9344.18274589,1786051387.8216853
12450,1.4,0.030057890340685844,8.746579963510026e-06,4.373289981755013e-05,0.00021845000082976185,0.7159374599996227,110,9351.621612383,1786051395.5193517
12460,1.4,0.00042926822789013386,8.731375775811977e-06,4.365687887905988e-05,0.00020035600027767941,0.7131090860002587,110,9358.655745522,1786051402.958184
12470,1.4,0.0010595577768981457,8.716178498736751e-06,4.358089249368375e-05,0.00041431600038777106,0.7016959030006547,111,9365.950804723,1786051409.9923477
12480,1.4,0.003237345488741994,8.700988178577887e-06,4.3504940892889434e-05,0.0002249790013593156,0.8360791479990439,110,9373.994785663,1786051417.287512
12490,1.41,0.011247728951275349,8.685804861607736e-06,4.342902430803868e-05,0.0001943400002346607,0.8630039639992901,108,9381.300165917,1786051425.3313062
12500,1.41,0.0004269977507647127,8.670628594077313e-06,4.3353142970386564e-05,0.00020045400015078485,0.7060077540008933,111,9388.33093684,1786051432.6368558
12510,1.41,0.0015495473053306341,8.655459422216166e-06,4.327729711108083e-05,0.00021963399922242388,0.6872574489989347,112,9395.657594005,1786051439.667507
12520,1.41,0.00032591584022156894,8.640297392232219e-06,4.3201486961161094e-05,0.00020614800087059848,0.8468676860011328,107,9403.505886117,1786051446.9942362
12530,1.41,0.0002112450747517869,8.625142550311647e-06,4.312571275155823e-05,0.00022609599909628741,0.723773234998589,112,9410.854901453,1786051454.8425303
12540,1.41,0.0009618374169804156,8.60999494261872e-06,4.3049974713093604e-05,0.00023864200011303183,0.9181935249998787,103,9417.915620202,1786051462.1915128
12550,1.41,0.00043070217361673713,8.594854615295689e-06,4.297427307647844e-05,0.0002032529991993215,0.6884104929995374,112,9425.175524129,1786051469.2522814
12560,1.41,0.0007491119904443622,8.579721614462609e-06,4.2898608072313044e-05,0.00021219600057520438,0.6878166679998685,112,9432.984622178,1786051476.5121236
12570,1.42,0.0003504231572151184,8.56459598621723e-06,4.282297993108615e-05,0.00025760100106708705,0.7297777929998119,113,9440.31744278,1786051484.321249
12580,1.42,0.005025885999202728,8.549477776634832e-06,4.274738888317415e-05,0.00022308599909592886,0.6989660199997161,112,9447.447443397,1786051491.6542308
12590,1.42,0.025115009397268295,8.534367031768108e-06,4.267183515884054e-05,0.0003073780007980531,0.7331586640011665,117,9454.822794547,1786051498.7840734
12600,1.42,0.0017113292124122381,8.519263797647008e-06,4.259631898823504e-05,0.00031422499887412414,0.8415459200004989,106,9462.557155493,1786051506.1592298
12610,1.42,0.00036059340345673263,8.5041681202786e-06,4.2520840601393e-05,0.00021148699852346908,0.7062986219989398,114,9469.773922228,1786051513.8937392
12620,1.42,0.001120994333177805,8.489080045646938e-06,4.2445400228234686e-05,0.00021401100093498826,0.6825442270001076,119,9476.864361106,1786051521.110544
12630,1.42,0.0021713159512728453,8.473999619712912e-06,4.236999809856456e-05,0.00022612700013269205,0.715436447000684,116,9484.32928528,1786051528.2010171
12640,1.42,0.0004843708302360028,8.45892688841411e-06,4.2294634442070554e-05,0.00024174999998649582,0.9117839540012938,105,9492.125818656,1786051535.6659281
12650,1.42,0.011914340779185295,8.443861897664696e-06,4.221930948832348e-05,0.00024296199990203604,0.9230551829987235,114,9499.450771343,1786051543.4625726
12660,1.43,0.00045941336429677904,8.428804693355238e-06,4.214402346677619e-05,0.00022131900004751515,0.7211445760003699,110,9506.41988479,1786051550.787398
12670,1.43,0.003165068570524454,8.413755321352595e-06,4.206877660676297e-05,0.00021029500021541025,0.6860849999993661,106,9514.068053028,1786051557.7565277
12680,1.43,0.00044266454642638564,8.398713827499755e-06,4.1993569137498776e-05,0.0002227929999207845,0.8901623699985066,108,9521.770384754,1786051565.4047136
12690,1.43,0.0010813005501404405,8.383680257615727e-06,4.1918401288078634e-05,0.00019125600010738708,0.726624624001488,105,9529.308742338,1786051573.106968
12700,1.43,0.001261642319150269,8.36865465749537e-06,4.1843273287476856e-05,0.00019727499966393225,0.7538127089992486,110,9536.389537397,1786051580.6455321
12710,1.43,0.0003518116718623787,8.353637072909266e-06,4.176818536454633e-05,0.0002263669994135853,0.6931071039998642,109,9543.751114156,1786051587.7262256
12720,1.43,0.0015520775923505425,8.338627549603585e-06,4.1693137748017916e-05,0.0006426469990401529,0.8637696509995294,111,9551.440654753,1786051595.0877833
12730,1.43,0.0019382208120077848,8.323626133299927e-06,4.1618130666499634e-05,0.00026295600036974065,0.6966654309999285,109,9558.910699014,1786051602.7773323
12740,1.43,0.003943177871406078,8.308632869695222e-06,4.1543164348476104e-05,0.00024060600117081776,0.7241308549982932,104,9565.942807408,1786051610.2473583
12750,1.44,0.00021695540635846555,8.293647804461544e-06,4.1468239022307714e-05,0.00020932099869241938,0.6793746330004069,115,9573.62970952,1786051617.2794516
12760,1.44,0.00031661384855397046,8.278670983246002e-06,4.1393354916230006e-05,0.00021267400006763637,0.8889613749997807,114,9581.1384714,1786051624.9662883
12770,1.44,0.0012941567692905664,8.263702451670587e-06,4.131851225835294e-05,0.0002116129999194527,0.7261406630004785,115,9588.530189293,1786051632.4750006
12780,1.44,0.0002784045645967126,8.248742255332049e-06,4.124371127666025e-05,0.00020510800095507875,0.6952906099995744,113,9595.688820109,1786051639.8668652
12790,1.44,0.0004107541753910482,8.233790439801736e-06,4.1168952199008684e-05,0.00019667899869091343,0.6931637249999767,112,9603.345487546,1786051647.0254447
12800,1.44,0.0004365065542515367,8.218847050625474e-06,4.109423525312737e-05,0.0002175210011046147,0.703643603999808,106,9610.963916351,1786051654.6821768
12810,1.44,0.001302042743191123,8.203912133323417e-06,4.101956066661708e-05,0.0004550579997157911,0.9305205809996551,103,9618.498021122,1786051662.3005292
12820,1.44,0.002453181194141507,8.188985733389908e-06,4.094492866694953e-05,0.00026099699971382506,0.6772355789998983,109,9625.656036432,1786051669.834691
12830,1.44,0.0005766119575127959,8.174067896293354e-06,4.0870339481466776e-05,0.0002535780004109256,0.7253649150006822,113,9633.191428853,1786051676.9926934
12840,1.45,0.0020760216284543276,8.159158667476079e-06,4.079579333738039e-05,0.0002790830003505107,0.6790115480016539,115,9640.599793068,1786051684.5280402
12850,1.45,0.00041255485848523676,8.144258092354172e-06,4.072129046177086e-05,0.0002019300009123981,0.7452002970003377,112,9648.037190925,1786051691.936415
12860,1.45,0.00013937856419943273,8.12936621631737e-06,4.064683108158685e-05,0.00020019000112370122,0.7265404459994897,105,9655.153128057,1786051699.3738427
12870,1.45,0.0004517749766819179,8.114483084728914e-06,4.0572415423644564e-05,0.00020552800015138928,0.6892128509989561,109,9662.753174036,1786051706.489815
12880,1.45,0.0025201383978128433,8.099608742925403e-06,4.049804371462701e-05,0.00019894300021405797,0.7086047659995529,119,9670.347161027,1786051714.0898225
12890,1.45,0.000776453351136297,8.084743236216657e-06,4.0423716181083285e-05,0.0001989880001929123,0.6952803389995097,111,9677.875464849,1786051721.6834748
12900,1.45,0.000247158226557076,8.069886609885593e-06,4.034943304942796e-05,0.00022305699894786812,0.7112672580005892,108,9685.052178742,1786051729.212135
12910,1.45,0.0007936481270007789,8.055038909188065e-06,4.027519454594033e-05,0.00021725199985667132,0.7385130429993296,115,9692.714600642,1786051736.3888233
12920,1.45,0.0007755983388051391,8.040200179352752e-06,4.020100089676376e-05,0.00019641200015030336,0.7226521779994073,109,9700.184856666,1786051744.0511568
12930,1.46,0.0026343981735408306,8.025370465580994e-06,4.0126852327904966e-05,0.0004034080011479091,0.7005338290000509,120,9707.677870775,1786051751.5214627
12940,1.46,0.00013331547961570323,8.010549813046673e-06,4.0052749065233366e-05,0.00018921999981103,0.7299341660000209,115,9714.941527203,1786051759.0142102
12950,1.46,0.0012875894317403436,7.995738266896063e-06,3.997869133448031e-05,0.0002289949989062734,0.758737160000237,109,9722.728625648,1786051766.2781875
12960,1.46,0.0003089311649091542,7.980935872247706e-06,3.9904679361238525e-05,0.0002292890003445791,0.7013371199991525,103,9730.168119754,1786051774.0650756
12970,1.46,0.0015697854105383158,7.966142674192262e-06,3.983071337096131e-05,0.00022654200074612163,0.7479893700001412,105,9737.568872381,1786051781.5043278
12980,1.46,0.0001734126708470285,7.951358717792377e-06,3.975679358896189e-05,0.00026832699950318784,0.6985455079993699,110,9744.979564545,1786051788.9054892
12990,1.46,0.0001803600462153554,7.936584048082551e-06,3.968292024041275e-05,0.00023462399985874072,0.7247735499986447,114,9752.59629535,1786051796.316318
13000,1.46,0.0034614524338394403,7.921818710068982e-06,3.960909355034491e-05,0.00024630699954286683,0.7514600610011257,110,9760.105241572,1786051803.9330263
13010,1.46,0.00013691376079805195,7.907062748729456e-06,3.953531374364728e-05,0.00027274000058241654,0.7005908419996558,111,9767.435494779,1786051811.4418106
13020,1.47,0.000509384204633534,7.892316209013189e-06,3.9461581045065944e-05,0.000179840999408043,0.7390487419997953,111,9774.752085665,1786051818.7721741
13030,1.47,0.00020691782992798835,7.877579135840698e-06,3.938789567920349e-05,0.0005700069996237289,0.7133222419997765,111,9782.708492765,1786051826.088665
13040,1.47,0.0004034476005472243,7.862851574103665e-06,3.9314257870518325e-05,0.00019939400044677313,0.8649650760016812,106,9789.975431074,1786051834.045176
13050,1.47,0.002170157851651311,7.848133568664792e-06,3.924066784332396e-05,0.00024044800011324696,0.6952284289982344,117,9797.220788887,1786051841.3121092
13060,1.47,0.0004762861644849181,7.833425164357684e-06,3.916712582178842e-05,0.0002726160000747768,0.733962505000818,113,9804.537714706,1786051848.5574174
13070,1.47,0.00024379142269026488,7.818726405986688e-06,3.9093632029933435e-05,0.0002189980004914105,0.6806428960007906,113,9812.302184826,1786051855.8743947
13080,1.47,0.001158675062470138,7.804037338326768e-06,3.902018669163384e-05,0.00019062799947278108,0.8622902040006011,109,9819.55494277,1786051863.638979
13090,1.47,0.00042724530794657767,7.789358006123373e-06,3.894679003061686e-05,0.00028243300039321184,0.70198101799906,111,9826.981861168,1786051870.891435
13100,1.47,0.00036372989416122437,7.774688454092299e-06,3.887344227046149e-05,0.00022170200099935755,0.7546551210016332,113,9834.333255723,1786051878.318519
13110,1.48,0.0026778671890497208,7.76002872691954e-06,3.88001436345977e-05,0.00040491300023859367,0.7264835279984254,110,9842.038562354,1786051885.6698635
13120,1.48,0.0014859383227303624,7.74537886926117e-06,3.872689434630585e-05,0.00022767299924453255,0.6979058580000128,114,9849.480485726,1786051893.3753116
13130,1.48,0.0007953482563607395,7.730738925743197e-06,3.865369462871598e-05,0.0002404040005785646,0.7059344829995098,111,9856.875172075,1786051900.817047
13140,1.48,0.004420630168169737,7.716108940961423e-06,3.858054470480711e-05,0.00027214900001126807,0.7284308270009205,111,9864.251867812,1786051908.2117782
13150,1.48,0.0033653504215180874,7.701488959481326e-06,3.8507444797406626e-05,0.00020739199862873647,0.7044517969989101,117,9872.143523783,1786051915.588514
13160,1.48,0.000789407582487911,7.686879025837898e-06,3.843439512918949e-05,0.00021776099856651854,0.688274033000198,110,9879.297542371,1786051923.4800293
13170,1.48,0.0002505213487893343,7.672279184535537e-06,3.836139592267769e-05,0.00026737900043372065,0.6990148540007795,115,9886.565067489,1786051930.6342201
13180,1.48,0.00029860250651836395,7.657689480047889e-06,3.8288447400239445e-05,0.00021369499881984666,0.7008631259996037,116,9893.952723878,1786051937.9015882
13190,1.48,0.00021408087923191488,7.643109956817719e-06,3.8215549784088595e-05,0.00022128700038592797,0.7176984779998747,104,9901.899074327,1786051945.289384
13200,1.49,0.00020934120402671397,7.628540659256791e-06,3.814270329628396e-05,0.00020826600120926742,0.6984458189999714,108,9909.266339603,1786051953.2357054
13210,1.49,0.00012903937022201717,7.61398163174571e-06,3.806990815872855e-05,0.0003637930003606016,0.7480741969993687,111,9916.579824083,1786051960.602971
13220,1.49,0.0011963070137426257,7.599432918633798e-06,3.7997164593168985e-05,0.00031724400105304085,0.7205832250001549,111,9923.69281329,1786051967.916467
13230,1.49,0.0005546442116610706,7.584894564238952e-06,3.792447282119476e-05,0.0006494909994216869,0.6841267469990271,106,9931.684669163,1786051975.029438
13240,1.49,0.0005444358102977276,7.5703666128475335e-06,3.785183306423767e-05,0.00022917400019650813,0.6970947730005719,116,9938.888597432,1786051983.021306
13250,1.49,0.0005044390563853085,7.555849108714192e-06,3.777924554357096e-05,0.00048218099982477725,0.7352500970009714,109,9946.102899711,1786051990.2251952
13260,1.49,0.0008406712440773845,7.541342096061768e-06,3.770671048030884e-05,0.0004375810003693914,0.6965928270001314,105,9953.443625989,1786051997.4395545
13270,1.49,0.0011542694410309196,7.526845619081136e-06,3.7634228095405674e-05,0.00020851999943261035,0.880977527000141,110,9961.003254438,1786052004.7802193
13280,1.49,0.0003219114150851965,7.512359721931074e-06,3.756179860965537e-05,0.0002262679990963079,0.6826359810002032,109,9968.2056671,1786052012.3398323
13290,1.5,0.00017373346781823784,7.497884448738145e-06,3.748942224369072e-05,0.00044662499931291677,0.7110501579991251,103,9975.415876272,1786052019.5423322
13300,1.5,0.0017706071957945824,7.483419843596538e-06,3.7417099217982684e-05,0.00021431000095617492,0.6912717110008089,116,9982.699787957,1786052026.7524672
13310,1.5,0.00019526391406543553,7.46896595056795e-06,3.734482975283975e-05,0.000246165000135079,0.8865587410000444,107,9990.443522656,1786052034.036409
13320,1.5,0.0008936894009821117,7.4545228136814406e-06,3.7272614068407205e-05,0.0002846240004146239,0.6949941820003005,113,9997.907093264,1786052041.7802281
13330,1.5,0.00543468352407217,7.440090476933317e-06,3.720045238466658e-05,0.000562569999601692,0.870483795999462,113,10005.023927072,1786052049.2437646
13340,1.5,0.0005097849061712623,7.425668984286976e-06,3.712834492143488e-05,0.00031619299988960847,0.6915790019993437,111,10012.194851063,1786052056.3605564
13350,1.5,0.00032313281553797424,7.411258379672784e-06,3.705629189836392e-05,0.00037457299913512543,0.7137344299990218,105,10019.809900402,1786052063.5314724
13360,1.5,0.005222093313932419,7.396858706987947e-06,3.698429353493973e-05,0.00022489299954031594,0.7490488429994002,106,10027.154449395,1786052071.1465397
13370,1.51,0.000502687063999474,7.38247001009636e-06,3.69123500504818e-05,0.0002771220006252406,0.690000960999896,107,10034.370216327,1786052078.490966
13380,1.51,0.001182729727588594,7.368092332828489e-06,3.684046166414245e-05,0.00019269400036137085,0.7334129709997796,113,10041.623731099,1786052085.706854
13390,1.51,0.0010542164091020823,7.3537257189812384e-06,3.676862859490619e-05,0.00023680900085309986,0.7242613540001912,113,10049.537673056,1786052092.9603271
13400,1.51,0.0007065481622703373,7.3393702123178e-06,3.6696851061589e-05,0.00028702400049951393,0.8268006489997788,105,10056.646517987,1786052100.8743227
13410,1.51,0.002606875728815794,7.325025856567538e-06,3.6625129282837686e-05,0.00019916300152544864,0.8546358039984625,111,10063.784284994,1786052107.982995
13420,1.51,0.0006311752367764711,7.310692695425845e-06,3.655346347712922e-05,0.00021545900017372333,0.7110628610007552,113,10070.994742961,1786052115.120984
13430,1.51,0.0009183364454656839,7.296370772554021e-06,3.6481853862770106e-05,0.00025191799977619667,0.696789555999203,103,10078.988645226,1786052122.3314416
13440,1.51,8.62812448758632e-05,7.282060131579125e-06,3.6410300657895626e-05,0.00023797600078978576,0.7209342249989277,109,10086.512848897,1786052130.3251593
13450,1.51,0.0006994787836447358,7.267760816093851e-06,3.633880408046925e-05,0.0002058870013570413,0.696068978000767,110,10093.696607985,1786052137.8495004
13460,1.52,0.0006459184223785996,7.25347286965639e-06,3.626736434828195e-05,0.00019604899898695294,0.700188740998783,107,10101.014238274,1786052145.0332575
13470,1.52,0.003290139837190509,7.239196335790307e-06,3.6195981678951536e-05,0.00021225000091362745,0.7022918869988644,111,10108.834886037,1786052152.3507943
13480,1.52,0.0033810290042310953,7.224931257984406e-06,3.612465628992203e-05,0.00020049399972776882,0.9459644519993162,115,10115.950030926,1786052160.1714704
13490,1.52,0.001264166203327477,7.210677679692582e-06,3.605338839846291e-05,0.00022602399985771626,0.6839654260002135,104,10123.348263241,1786052167.2866845
13500,1.52,0.00011063127749366686,7.196435644333707e-06,3.598217822166853e-05,0.0002819460005412111,0.7268154849989514,112,10130.783289007,1786052174.6849182
13510,1.52,0.00038781866896897554,7.182205195291488e-06,3.591102597645744e-05,0.00040002600144362077,0.8725047269999777,114,10138.42297299,1786052182.119877
13520,1.52,0.0006840224377810955,7.167986375914347e-06,3.583993187957173e-05,0.00019565799993870314,0.6929144009991433,115,10145.567675682,1786052189.7596338
13530,1.52,0.0001265624596271664,7.153779229515269e-06,3.576889614757634e-05,0.00020811700051126536,0.7072515430008934,107,10152.693026254,1786052196.9043162
13540,1.52,0.0010660288389772177,7.139583799371689e-06,3.5697918996858444e-05,0.000194784000996151,0.7615315960010776,113,10160.261779432,1786052204.0296376
13550,1.53,0.0010443906066939235,7.1254001287253415e-06,3.562700064362671e-05,0.0002023149991146056,0.8556564560003608,118,10167.883702297,1786052211.5983605
13560,1.53,0.020935187116265297,7.111228260782158e-06,3.555614130391079e-05,0.00023546600095869508,0.7632276339991222,113,10175.576554743,1786052219.2202876
13570,1.53,0.00044447710388340056,7.097068238712102e-06,3.548534119356051e-05,0.00022235599863051903,0.7227286389988876,107,10182.709505327,1786052226.913082
13580,1.53,0.00033195430296473205,7.082920105649053e-06,3.5414600528245265e-05,0.0002140929991583107,0.7207431839997298,108,10190.175278875,1786052234.046123
13590,1.53,0.006553818471729755,7.0687839046906826e-06,3.534391952345341e-05,0.0002248050004709512,0.8682222679999541,104,10198.016642836,1786052241.5118458
13600,1.53,0.00020229256188031286,7.054659678898302e-06,3.527329839449151e-05,0.00020102599955862388,0.7201597040002525,110,10205.267822091,1786052249.35305
13610,1.53,0.0019395152339711785,7.040547471296764e-06,3.520273735648382e-05,0.00019948799854319077,0.7003757000002224,111,10212.436931366,1786052256.6042523
13620,1.53,0.0003761229454539716,7.026447324874293e-06,3.5132236624371466e-05,0.00019310499919811264,0.7208010340000328,117,10219.961997851,1786052263.7734258
13630,1.53,0.000600203056819737,7.012359282582384e-06,3.506179641291192e-05,0.00028523899891297333,0.902872672999365,111,10227.35245054,1786052271.2985396
13640,1.54,0.000583752291277051,6.998283387335656e-06,3.499141693667828e-05,0.00021872300021641422,0.6998097490013606,110,10234.814904363,1786052278.6891134
13650,1.54,0.0017764713848009706,6.984219682011721e-06,3.4921098410058605e-05,0.00020708000010927208,0.6749556619997747,110,10241.967673957,1786052286.151435
13660,1.54,0.00014783599181100726,6.970168209451074e-06,3.4850841047255366e-05,0.0002718420000746846,0.6965855870002997,114,10249.627726166,1786052293.3043346
13670,1.54,0.0001397129672113806,6.956129012456933e-06,3.4780645062284664e-05,0.00022220099890546408,0.7479980389998673,105,10256.892003884,1786052300.9643652
13680,1.54,0.008946076035499573,6.942102133795126e-06,3.4710510668975624e-05,0.0002118659995176131,0.7021328339997126,119,10264.531206322,1786052308.2286832
13690,1.54,0.00018806276784744114,6.928087616193956e-06,3.4640438080969775e-05,0.0002393929989921162,0.6934416589992907,111,10271.745865004,1786052315.867851
13700,1.54,0.00038053077878430486,6.91408550234408e-06,3.45704275117204e-05,0.0002681519999896409,0.7115586389991222,109,10279.203204187,1786052323.0825393
13710,1.54,0.0018757417565211654,6.9000958348983624e-06,3.450047917449181e-05,0.0002697769996302668,0.8661590399988199,109,10286.666770481,1786052330.5397973
13720,1.54,0.000461760995676741,6.886118656471755e-06,3.4430593282358775e-05,0.00025297100000898354,0.7073261709992948,102,10294.229536811,1786052338.0034935
13730,1.55,0.000841864850372076,6.87215400964117e-06,3.436077004820585e-05,0.0002266709998366423,0.926556446000177,113,10301.243235105,1786052345.566162
13740,1.55,0.00020248646615073085,6.8582019369453354e-06,3.4291009684726675e-05,0.0002069510010187514,0.6991469969998434,113,10308.967951528,1786052352.579895
13750,1.55,0.00023071910254657269,6.844262480884697e-06,3.422131240442348e-05,0.0002300889991602162,0.7216666829990572,102,10316.418037216,1786052360.3047671
13760,1.55,0.0002243511116830632,6.830335683921246e-06,3.415167841960623e-05,0.00020133500038355123,0.7235360849990684,109,10323.759955262,1786052367.7546613
13770,1.55,0.00027062767185270786,6.816421588478427e-06,3.4082107942392136e-05,0.0005387780001910869,0.7228256889993645,105,10330.710833155,1786052375.0965662
13780,1.55,0.000922981824260205,6.8025202369409806e-06,3.40126011847049e-05,0.0002102249982272042,0.6830612879984983,117,10338.415103598,1786052382.0474854
13790,1.55,0.0007831057882867754,6.788631671654842e-06,3.394315835827421e-05,0.0002016969992837403,0.8895395829986228,112,10345.820039549,1786052389.7515907
13800,1.55,0.00021768431179225445,6.774755934926986e-06,3.3873779674634925e-05,0.00020515300093393307,0.8842651899994962,107,10353.002157318,1786052397.1566765
13810,1.55,0.0005871164612472057,6.7608930690253094e-06,3.3804465345126545e-05,0.00020464599947445095,0.7177600550003262,106,10360.293175557,1786052404.3388205
13820,1.56,0.003060554387047887,6.747043116178516e-06,3.3735215580892576e-05,0.0002537000000302214,0.682038097998884,105,10368.018881332,1786052411.6298392
13830,1.56,0.004932881332933903,6.733206118575956e-06,3.366603059287978e-05,0.000337412999215303,0.6819541540007776,107,10375.482691471,1786052419.355471
13840,1.56,0.0005640741437673569,6.719382118367523e-06,3.359691059183761e-05,0.0002595070000097621,0.6944383430000016,105,10382.723974206,1786052426.8193405
13850,1.56,0.0003601659263949841,6.705571157663524e-06,3.352785578831762e-05,0.00020541999947454315,0.6833964899997227,109,10389.907962299,1786052434.0605814
13860,1.56,0.0005609964136965573,6.69177327853454e-06,3.34588663926727e-05,0.0002570389988250099,0.6848262439998507,108,10397.616215263,1786052441.244619
13870,1.56,0.00016328877245541662,6.677988523011299e-06,3.338994261505649e-05,0.00020863800091319717,0.6856709220010089,115,10405.167553959,1786052448.9528158
13880,1.56,0.0013490949058905244,6.664216933084562e-06,3.3321084665422807e-05,0.0002306120004504919,0.7416015690014319,115,10412.491309085,1786052456.5040584
13890,1.56,0.001981132896617055,6.650458550704979e-06,3.325229275352489e-05,0.00024184100038837641,0.6801843459998054,105,10419.822776878,1786052463.8279417
13900,1.56,0.0002868871670216322,6.636713417782967e-06,3.318356708891483e-05,0.00021072300114610698,0.6926266749997012,110,10427.459833009,1786052471.159389
13910,1.57,0.00019182590767741203,6.622981576188586e-06,3.311490788094293e-05,0.00019964800048910547,0.7056454089997715,112,10434.917487779,1786052478.7963996
13920,1.57,0.0005122767179273069,6.609263067751405e-06,3.304631533875702e-05,0.0002075649990729289,0.7019190529990738,102,10442.10422182,1786052486.2541325
13930,1.57,0.00022551727306563407,6.595557934260384e-06,3.297778967130192e-05,0.00037686100040446036,0.6748879059996398,112,10449.319081765,1786052493.4408095
13940,1.57,0.00011143482697661966,6.581866217463733e-06,3.290933108731866e-05,0.0002065740009129513,0.6848076789992774,111,10457.058195067,1786052500.655703
13950,1.57,0.001231300993822515,6.568187959068798e-06,3.284093979534399e-05,0.00020684700029960368,0.7072734119992674,111,10464.562347512,1786052508.3948088
13960,1.57,0.0002480321272742003,6.554523200741924e-06,3.2772616003709614e-05,0.00027777099967352115,0.6840388559994608,108,10471.898637309,1786052515.8989892
13970,1.57,0.0001795782445697114,6.5408719841083325e-06,3.270435992054166e-05,0.00024343400036741514,0.6891857759983395,112,10479.24590799,1786052523.2352858
13980,1.57,0.00012035672989441082,6.527234350752003e-06,3.2636171753760015e-05,0.0001968970009329496,0.7082034049999493,107,10486.723482956,1786052530.582548
13990,1.57,0.00030913070077076554,6.513610342215529e-06,3.2568051711077644e-05,0.00022411099962482695,0.6945875430010346,113,10494.185411644,1786052538.0601141
14000,1.58,0.011385533958673477,6.500000000000003e-06,3.250000000000001e-05,0.00036007400012749713,0.7109456050002336,116,10525.80665101,1786052545.522093
14010,1.58,0.0004590906319208443,6.4864033655648826e-06,3.2432016827824416e-05,0.00020215999938955065,0.7376989799995499,117,10533.024599719,1786052577.143243
14020,1.58,0.0026533114723861217,6.472820480327885e-06,3.2364102401639425e-05,0.00020037100148329046,0.6815534090001165,117,10540.907310813,1786052584.3611622
14030,1.58,0.0003082163748331368,6.459251385664829e-06,3.229625692832414e-05,0.0002179120001528645,0.8610556389994599,109,10548.184680615,1786052592.2440033
14040,1.58,0.00031256256625056267,6.445696122909528e-06,3.222848061454764e-05,0.00023180700009106658,0.6837928800014197,110,10555.508181762,1786052599.521214
14050,1.58,0.0004513149324338883,6.432154733353666e-06,3.216077366676833e-05,0.0002576770002633566,0.6962573060009163,110,10562.780804725,1786052606.8447528
14060,1.58,0.012147735804319382,6.418627258246659e-06,3.2093136291233296e-05,0.0002225360003649257,0.687880782999855,110,10570.349840999,1786052614.1173272
14070,1.58,0.0037043930497020483,6.40511373879555e-06,3.2025568693977746e-05,0.0003352410003572004,0.8551771759994153,116,10577.66436624,1786052621.6864328
14080,1.59,0.0006835456588305533,6.391614216164858e-06,3.1958071080824286e-05,0.00021441000171762425,0.7415480990002834,113,10584.945589477,1786052629.000932
14090,1.59,0.00016035533917602152,6.378128731476471e-06,3.189064365738236e-05,0.000269864000074449,0.7263331049998669,117,10592.265733212,1786052636.282305
14100,1.59,0.001247805543243885,6.364657325809512e-06,3.182328662904756e-05,0.0002287639999849489,0.6810097349989519,108,10599.939175676,1786052643.6023693
14110,1.59,0.0001719777937978506,6.351200040200224e-06,3.175600020100112e-05,0.0007811499999661464,0.7221693779993075,112,10607.373429475,1786052651.2759628
14120,1.59,0.00048547028563916683,6.337756915641829e-06,3.168878457820915e-05,0.00023150000015448313,0.7052756019984372,114,10614.712523195,1786052658.7100906
14130,1.59,0.00040662894025444984,6.3243279930844195e-06,3.1621639965422094e-05,0.00040928300040832255,0.6863866530002269,112,10621.912577042,1786052666.0492303
14140,1.59,0.0002288037649122998,6.310913313434816e-06,3.155456656717408e-05,0.0003988899989053607,0.834355813000002,115,10629.950743709,1786052673.249259
14150,1.59,0.0011919232783839107,6.297512917556461e-06,3.1487564587782306e-05,0.000373483999283053,0.7150779739986319,107,10637.264373054,1786052681.2871218
14160,1.59,0.0003069665399380028,6.2841268462692894e-06,3.1420634231346445e-05,0.00022227699992072303,0.6796771250010352,116,10644.612218123,1786052688.6010253
14170,1.6,0.000254451937507838,6.270755140349592e-06,3.135377570174796e-05,0.00028053500136593357,0.6886619470005826,110,10651.864102982,1786052695.9487572
14180,1.6,0.0060045067220926285,6.2573978405299015e-06,3.1286989202649506e-05,0.00025764800011529587,0.7193143859985867,113,10659.794149229,1786052703.2007425
14190,1.6,0.0013678902760148048,6.244054987498877e-06,3.1220274937494384e-05,0.0008594060000177706,0.7269319639999594,113,10667.132421207,1786052711.130656
14200,1.6,0.00021206782548688352,6.230726621901158e-06,3.1153633109505784e-05,0.0003309069998067571,0.7136798270003055,109,10674.399718883,1786052718.4690478
14210,1.6,0.0010451753623783588,6.2174127843372535e-06,3.1087063921686265e-05,0.0002575590006017592,0.6848338180006976,105,10681.675294139,1786052725.736294
14220,1.6,0.0012657169718295336,6.20411351536343e-06,3.102056757681715e-05,0.00021505199947569054,0.872286855999846,111,10689.508432836,1786052733.0119026
14230,1.6,0.0018141955370083451,6.190828855491563e-06,3.0954144277457815e-05,0.00024902999939513393,0.8899965559994598,114,10696.835242929,1786052740.8450787
14240,1.6,0.0015692600281909108,6.177558845189029e-06,3.088779422594514e-05,0.00021312399985617958,0.7321180630005983,115,10704.125661383,1786052748.1717672
14250,1.6,0.000713696179445833,6.164303524878584e-06,3.082151762439292e-05,0.00027029500051867217,0.7285519500001101,118,10711.474356836,1786052755.4623222
14260,1.61,0.0027816053479909897,6.151062934938232e-06,3.0755314674691163e-05,0.0001993019996007206,0.8674369639993529,112,10719.474303797,1786052762.8109689
14270,1.61,0.0005085309385322034,6.137837115701105e-06,3.068918557850552e-05,0.0002912939999077935,0.7286446159996558,110,10726.756643487,1786052770.8109002
14280,1.61,0.0002420366508886218,6.124626107455343e-06,3.062313053727671e-05,0.00021599899991997518,0.7505347179994715,115,10733.910731412,1786052778.0933325
14290,1.61,0.0006724803242832422,6.111429950443963e-06,3.055714975221981e-05,0.00020507100089162122,0.6915055879999272,111,10741.129075911,1786052785.247384
14300,1.61,0.0001386834483128041,6.0982486848647574e-06,3.0491243424323785e-05,0.00019561299995984882,0.7016433409989986,107,10748.822671079,1786052792.465675
14310,1.61,0.009639767929911613,6.085082350870139e-06,3.0425411754350696e-05,0.0002014620004047174,0.6834204919996409,118,10756.068206379,1786052800.1593342
14320,1.61,0.0003901292511727661,6.071930988567048e-06,3.035965494283524e-05,0.00021536900021601468,0.7168660999996064,114,10763.378090297,1786052807.404887
14330,1.61,0.0006745370337739587,6.0587946380168125e-06,3.0293973190084064e-05,0.0002808209992508637,0.7100300300007802,114,10770.754706622,1786052814.7147412
14340,1.61,0.0003361881244927645,6.04567333923504e-06,3.0228366696175197e-05,0.00025914300022122916,0.7625013130000298,108,10778.530615563,1786052822.0913715
14350,1.62,0.0013874792493879795,6.032567132191477e-06,3.0162835660957384e-05,0.0004427290004969109,0.7066358210013277,107,10785.819429074,1786052829.867241
14360,1.62,0.00046290390309877694,6.019476056809904e-06,3.009738028404952e-05,0.00023685899941483513,0.7082449280005676,109,10793.117855883,1786052837.1560416
14370,1.62,8.250019163824618e-05,6.006400152968008e-06,3.003200076484004e-05,0.0002711890010687057,0.7362650929990195,111,10800.556559004,1786052844.4544933
14380,1.62,0.000324950844515115,5.993339460497257e-06,2.9966697302486284e-05,0.0002619760016386863,0.7161594859990146,113,10808.30926886,1786052851.8931463
14390,1.62,0.000490050355438143,5.9802940191827894e-06,2.9901470095913948e-05,0.00022012699992046691,0.8850429340000119,111,10815.719301463,1786052859.6458573
14400,1.62,0.0002688808017410338,5.96726386876328e-06,2.98363193438164e-05,0.00023520600007032044,0.7027662590007822,111,10822.996806286,1786052867.0558064
14410,1.62,0.0001468277332605794,5.954249048930827e-06,2.9771245244654134e-05,0.0001987670002563391,0.7044856360007543,109,10830.397597126,1786052874.333445
14420,1.62,0.0005561239086091518,5.941249599330827e-06,2.9706247996654137e-05,0.0002704500002437271,0.9853837459995702,110,10838.04785657,1786052881.734296
14430,1.62,0.0014723686035722494,5.928265559561858e-06,2.964132779780929e-05,0.0007615439990331652,0.9214281380009197,114,10845.394114583,1786052889.3844373
14440,1.63,0.0003568102256394923,5.915296969175559e-06,2.9576484845877794e-05,0.0002313050008524442,0.7199745509988134,113,10852.823902349,1786052896.7308176
14450,1.63,0.0001475349854445085,5.902343867676507e-06,2.9511719338382533e-05,0.0002981970010296209,0.6995205490002263,115,10860.378508308,1786052904.1604412
14460,1.63,0.00021599065803457052,5.889406294522092e-06,2.944703147261046e-05,0.00019138900097459555,0.9118361609998828,112,10868.045364569,1786052911.7152867
14470,1.63,0.0010687120957300067,5.876484289122403e-06,2.938242144561201e-05,0.0002225480002380209,0.8324441669992666,113,10875.344200396,1786052919.3819587
14480,1.63,0.0004984644474461675,5.863577890840116e-06,2.931788945420058e-05,0.0002536270003474783,0.6935117360008007,106,10882.57523448,1786052926.6809332
14490,1.63,0.0009985731448978186,5.850687138990356e-06,2.9253435694951782e-05,0.0002544070011936128,0.6956798850005725,112,10889.854715434,1786052933.9118607
14500,1.63,0.000600612023845315,5.837812072840589e-06,2.9189060364202943e-05,0.00023528899873781484,0.8357361349990242,105,10897.673000731,1786052941.191339
14510,1.63,0.0002787626290228218,5.8249527316104955e-06,2.9124763658052478e-05,0.0003202130010322435,0.6836001869996835,112,10905.111551356,1786052949.009588
14520,1.63,0.0002410754095762968,5.812109154471862e-06,2.906054577235931e-05,0.000369802999557578,0.9093277060001128,113,10912.184107646,1786052956.4482353
14530,1.64,0.0004967927234247327,5.799281380548454e-06,2.899640690274227e-05,0.0003765150013350649,0.7211835189991689,111,10919.912357372,1786052963.5207193
14540,1.64,0.0011107743484899402,5.786469448915892e-06,2.8932347244579462e-05,0.00023021100059850141,0.9547771460001968,117,10927.564308643,1786052971.2487228
14550,1.64,0.00019163561228197068,5.773673398601542e-06,2.8868366993007712e-05,0.0002640800012159161,0.7083492020010453,117,10935.099471449,1786052978.900714
14560,1.64,0.0003835996612906456,5.760893268584397e-06,2.8804466342921982e-05,0.00021229699996183626,0.687673858999915,112,10942.50918749,1786052986.43617
14570,1.64,0.0004871962883044034,5.748129097794945e-06,2.8740645488974723e-05,0.00035239899989392143,0.7594237739995151,106,10950.363012894,1786052993.8458638
14580,1.64,0.0001280941505683586,5.7353809251150604e-06,2.8676904625575303e-05,0.00020910000057483558,0.8703866369996831,110,10957.770771657,1786053001.699546
14590,1.64,0.0002467747253831476,5.722648789377896e-06,2.861324394688948e-05,0.00022645999888482038,0.6987938830006897,110,10965.131078296,1786053009.107509
14600,1.64,0.00011825915862573311,5.709932729367743e-06,2.8549663646838713e-05,0.00024212900098063983,0.8336548789993685,111,10972.276981288,1786053016.4677901
14610,1.64,0.0001697085826890543,5.697232783819919e-06,2.8486163919099595e-05,0.00021933999960310757,0.7248624210005801,110,10979.847230358,1786053023.6134393
14620,1.65,0.0005213849944993854,5.684548991420671e-06,2.8422744957103353e-05,0.0002251939986308571,0.7035012529995583,118,10987.285280294,1786053031.1839318
14630,1.65,0.0002808599965646863,5.6718813908070245e-06,2.8359406954035124e-05,0.00026940700081468094,0.7094697089996771,109,10994.735837594,1786053038.6219254
14640,1.65,0.0001967377756955102,5.659230020566689e-06,2.829615010283344e-05,0.0002900509989558486,0.9005832959992404,108,11001.872799567,1786053046.072493
14650,1.65,0.00013311496877577156,5.64659491923793e-06,2.823297459618965e-05,0.00021746400125266518,0.7196142539996799,114,11009.556295627,1786053053.2094662
14660,1.65,0.0006217271438799798,5.633976125309457e-06,2.8169880626547284e-05,0.0002188340004067868,0.8588687149986072,113,11017.05191462,1786053060.892921
14670,1.65,0.00034054226125590503,5.62137367722031e-06,2.8106868386101547e-05,0.00021759300034318585,0.7451699789999111,114,11024.369325899,1786053068.3884258
14680,1.65,0.0008823100943118334,5.608787613359728e-06,2.8043938066798643e-05,0.00018788199849950615,0.6886249230010435,104,11031.597930979,1786053075.7059789
14690,1.65,0.003068657359108329,5.5962179720670455e-06,2.7981089860335226e-05,0.00043239099977654405,0.7296673580003699,116,11039.18112232,1786053082.9345639
14700,1.65,0.003703601658344269,5.583664791631564e-06,2.791832395815782e-05,0.00024153600134013686,0.693534293999619,104,11046.571849067,1786053090.5177221
14710,1.66,0.0008062847191467881,5.571128110292457e-06,2.7855640551462285e-05,0.00036940500103810336,0.6975320179990376,108,11053.804168269,1786053097.9084933
14720,1.66,0.0007522604428231716,5.558607966238627e-06,2.7793039831193136e-05,0.0004620199997589225,0.7183389069996338,106,11061.010810112,1786053105.1408417
14730,1.66,0.0005400825757533312,5.546104397608602e-06,2.7730521988043014e-05,0.00022895700021763332,0.7334496909988957,109,11068.716803534,1786053112.3473835
14740,1.66,0.00027588606462813914,5.533617442490422e-06,2.766808721245211e-05,0.00028557999939948786,0.6871958770007041,113,11076.230812827,1786053120.0534236
14750,1.66,0.0001755014091031626,5.521147138921514e-06,2.760573569460757e-05,0.0004901539996353677,0.6963739590009936,111,11083.521663148,1786053127.5675902
14760,1.66,0.00018544898193795234,5.508693524888592e-06,2.754346762444296e-05,0.00020653300089179538,0.6991877170003136,110,11090.779781258,1786053134.8582604
14770,1.66,0.00023509372840635478,5.49625663832752e-06,2.7481283191637604e-05,0.0002013609991990961,0.6892451020012231,114,11098.172888022,1786053142.11638
14780,1.66,0.0018935302505269647,5.483836517123215e-06,2.741918258561607e-05,0.00019485800112306606,0.7003270299992437,111,11105.525495745,1786053149.5095246
14790,1.66,0.00013061471690889448,5.47143319910951e-06,2.735716599554755e-05,0.0004038879997096956,0.8978424029992311,107,11112.851612205,1786053156.8620913
14800,1.67,0.0005213742260821164,5.459046722069076e-06,2.7295233610345378e-05,0.0002476089994161157,0.6919351859996823,113,11120.114584913,1786053164.188285
14810,1.67,0.0012615482555702329,5.446677123733264e-06,2.7233385618666317e-05,0.0002279879990965128,0.6889744529999007,108,11127.890699461,1786053171.451249
14820,1.67,0.00019525701645761728,5.434324441782014e-06,2.7171622208910068e-05,0.00021089999972900841,0.6984475720000773,105,11135.328099425,1786053179.2273934
14830,1.67,0.0006337069789879024,5.421988713843742e-06,2.710994356921871e-05,0.00019239200082665775,0.6975770520002698,112,11142.559729762,1786053186.664718
14840,1.67,0.0005030942265875638,5.4096699774952075e-06,2.7048349887476037e-05,0.0007452409990946762,0.6852521870005148,115,11149.78169559,1786053193.8963032
14850,1.67,0.000129196560010314,5.397368270261426e-06,2.698684135130713e-05,0.00023442000019713305,0.6975774620004813,112,11157.665151585,1786053201.1183286
14860,1.67,0.00043265282874926925,5.385083629615526e-06,2.692541814807763e-05,0.00022005699975125026,0.7173046459993202,113,11165.071128749,1786053209.0017948
14870,1.67,0.00018280725635122508,5.372816092978657e-06,2.6864080464893282e-05,0.00023279699962586164,0.7176787719999993,114,11172.427143521,1786053216.4077404
14880,1.68,0.00017337908502668142,5.360565697719858e-06,2.680282848859929e-05,0.00024368300000787713,0.6799834960002045,115,11179.962780639,1786053223.7638144
14890,1.68,9.978139860322699e-05,5.3483324811559605e-06,2.6741662405779798e-05,0.000204661000680062,0.7218306930008112,118,11187.741156878,1786053231.2994056
14900,1.68,0.005578596144914627,5.336116480551465e-06,2.6680582402757327e-05,0.00021512700004677754,0.7045296640008019,108,11195.07315476,1786053239.0777702
14910,1.68,0.0002607639762572944,5.323917733118427e-06,2.6619588665592133e-05,0.00022444200112659018,0.6772155860016937,117,11202.333044121,1786053246.4098232
14920,1.68,0.0005025547579862177,5.311736276016343e-06,2.6558681380081713e-05,0.00021677800032193772,0.6923105750011018,114,11209.62263858,1786053253.6696975
14930,1.68,0.0007698984118178487,5.29957214635205e-06,2.649786073176025e-05,0.0002474670000083279,0.7060727329990186,105,11217.481632091,1786053260.9592705
14940,1.68,0.0005332714645192027,5.287425381179593e-06,2.6437126905897962e-05,0.00043458700019982643,0.701079763000962,115,11225.010027844,1786053268.818248
14950,1.68,0.00038345542270690203,5.275296017500123e-06,2.6376480087500617e-05,0.00022107199947640765,0.7223368479990313,107,11232.368646105,1786053276.3467083
14960,1.68,0.005146609153598547,5.263184092261793e-06,2.6315920461308964e-05,0.0002162059990951093,0.6855160329996579,113,11239.706961916,1786053283.705329
14970,1.69,0.00033599077141843736,5.251089642359621e-06,2.6255448211798106e-05,0.0003459840008872561,0.7025799780003581,112,11247.380342514,1786053291.043598
14980,1.69,0.00015648968110326678,5.239012704635399e-06,2.6195063523176993e-05,0.00021240199930616654,0.6938550470003975,113,11254.778473887,1786053298.716905
14990,1.69,0.00027904086164198816,5.226953315877579e-06,2.6134766579387893e-05,0.00028415300039341673,0.7111140449997038,111,11262.184613663,1786053306.1150007
15000,1.69,0.00020113555365242064,5.214911512821146e-06,2.6074557564105727e-05,0.00020406099974934477,0.7275738890002685,117,11269.457136788,1786053313.5212255
15010,1.69,0.008366801775991917,5.202887332147522e-06,2.6014436660737606e-05,0.0001838570005929796,0.7244811239997944,112,11277.36226638,1786053320.7937324
15020,1.69,0.00024834784562699497,5.190880810484443e-06,2.5954404052422216e-05,0.0004466699992917711,0.8738006380008301,111,11284.674332212,1786053328.6988218
15030,1.69,0.0004083242965862155,5.178891984405863e-06,2.5894459922029314e-05,0.00020312900051067118,0.7318364120001206,106,11292.021640532,1786053336.0110216
15040,1.69,0.0009558004094287753,5.166920890431822e-06,2.5834604452159112e-05,0.00043003099926863797,0.687033338999754,108,11299.375419423,1786053343.3582532
15050,1.69,0.0005395702901296318,5.154967565028348e-06,2.577483782514174e-05,0.00020941900038451422,0.8509812709999096,119,11306.850949024,1786053350.7120962
15060,1.7,0.00027796506765298545,5.143032044607343e-06,2.5715160223036716e-05,0.00020384500021464191,0.731216198999391,113,11314.335410285,1786053358.1874268
15070,1.7,0.0010897207539528608,5.131114365526469e-06,2.5655571827632345e-05,0.0002054169999610167,0.7252319939998415,112,11321.603086936,1786053365.6718946
15080,1.7,0.0003619148046709597,5.119214564089051e-06,2.5596072820445254e-05,0.00022802999956184067,0.6799397800004954,110,11328.918884098,1786053372.93974
15090,1.7,0.00021515502885449678,5.107332676543942e-06,2.5536663382719712e-05,0.0005729540007450851,0.9058582390007359,111,11336.565500935,1786053380.255534
15100,1.7,0.0006294976337812841,5.095468739085436e-06,2.547734369542718e-05,0.00019501699898683,0.8541815140015387,106,11343.797501877,1786053387.902139
15110,1.7,0.00025109160924330354,5.083622787853137e-06,2.5418113939265686e-05,0.0005114609994052444,0.69622420000087,108,11350.994737903,1786053395.1340954
15120,1.7,0.0003638162452261895,5.071794858931875e-06,2.5358974294659375e-05,0.0002560739994805772,0.6932304700003442,118,11358.25406168,1786053402.3312304
15130,1.7,0.0006475888658314943,5.0599849883515695e-06,2.5299924941757845e-05,0.0002760620009212289,0.7159426449998136,111,11365.808926781,1786053409.5906572
15140,1.7,0.0005166874034330249,5.048193212087135e-06,2.5240966060435673e-05,0.00023702600083197467,0.7373510230008833,117,11372.968918881,1786053417.1455047
15150,1.71,0.0008853267645463347,5.036419566058365e-06,2.5182097830291825e-05,0.00020840899924223777,0.6827887440013001,111,11380.348620343,1786053424.3055031
15160,1.71,0.0008678821031935513,5.0246640861298255e-06,2.5123320430649127e-05,0.0004917170008411631,0.6879114209987165,111,11387.556620488,1786053431.6851525
15170,1.71,0.00020632892847061157,5.012926808110754e-06,2.506463404055377e-05,0.00021280100008880254,0.6848482440000225,117,11395.633181813,1786053438.8932776
15180,1.71,0.0012001112336292863,5.001207767754929e-06,2.5006038838774642e-05,0.00022898600036569405,0.693736451001314,112,11402.958374382,1786053446.9696808
15190,1.71,0.00010546450357651338,4.989507000760582e-06,2.4947535003802907e-05,0.0002775609991658712,0.6834012139988772,114,11410.383247741,1786053454.2949862
15200,1.71,0.0007990143494680524,4.9778245427702785e-06,2.4889122713851394e-05,0.00027910400058317464,0.7002024220000749,106,11417.609005221,1786053461.7199147
15210,1.71,0.0005211311508901417,4.9661604293708085e-06,2.4830802146854044e-05,0.00047932399866112974,0.7376699619999272,112,11425.602681299,1786053468.9456565
15220,1.71,0.0002448535815346986,4.95451469609309e-06,2.477257348046545e-05,0.00022111100042820908,0.9351699569997436,109,11432.953691187,1786053476.9391413
15230,1.71,0.00021775327331852168,4.942887378412042e-06,2.471443689206021e-05,0.00040904999877966475,0.7278526039990538,105,11440.328626404,1786053484.290333
15240,1.72,0.0004277150728739798,4.931278511746492e-06,2.465639255873246e-05,0.00024715600011404604,0.7153493050009274,110,11447.583001463,1786053491.665355
15250,1.72,0.0007892845897004008,4.919688131459059e-06,2.459844065729529e-05,0.0005551809990720358,0.6818574750013795,105,11455.375481257,1786053498.9194293
15260,1.72,0.002486112294718623,4.908116272856055e-06,2.4540581364280273e-05,0.0001815410014387453,0.7019481960014673,113,11462.684103489,1786053506.712012
15270,1.72,0.0007400806644000113,4.8965629711873665e-06,2.448281485593683e-05,0.00020635399960156064,0.6826296819999698,117,11469.862381956,1786053514.0207267
15280,1.72,0.001155369565822184,4.885028261646354e-06,2.442514130823177e-05,0.00022987100055615883,0.6988712290003605,112,11477.371854147,1786053521.1989617
15290,1.72,0.00021064520115032792,4.87351217936974e-06,2.43675608968487e-05,0.00020783100080734584,0.8720030410004256,114,11484.775009944,1786053528.708524
15300,1.72,0.00013665032747667283,4.8620147594375155e-06,2.4310073797187578e-05,0.0002028359995165374,0.6884908109987009,114,11492.048585945,1786053536.111591
15310,1.72,0.00010999951336998492,4.850536036872809e-06,2.4252680184364047e-05,0.00024961799863376655,0.7290864580008929,111,11499.296371781,1786053543.3851492
15320,1.72,0.00018106348579749465,4.839076046641802e-06,2.4195380233209008e-05,0.0002309159990545595,0.7097653229993739,104,11506.732107583,1786053550.632803
15330,1.73,0.0025000949390232563,4.827634823653614e-06,2.413817411826807e-05,0.00020033600048918743,0.735304030999032,108,11514.237801709,1786053558.0686965
15340,1.73,0.0001736371632432565,4.816212402760194e-06,2.408106201380097e-05,0.0002215650001744507,0.7179326780005795,106,11521.522064435,1786053565.5744326
15350,1.73,0.00020036828937008977,4.804808818756214e-06,2.4024044093781068e-05,0.0002121840007021092,0.7306114740003977,111,11528.779373631,1786053572.858743
15360,1.73,0.0006576196756213903,4.793424106378972e-06,2.396712053189486e-05,0.0002404100014246069,0.7053840610005864,108,11536.219415283,1786053580.1159825
15370,1.73,0.00013539809151552618,4.782058300308275e-06,2.3910291501541377e-05,0.0002232469996670261,0.9323934919993917,109,11543.679396272,1786053587.5559309
15380,1.73,0.0004049563140142709,4.7707114351663395e-06,2.3853557175831697e-05,0.0001956350006366847,0.7557482909996907,108,11551.162084033,1786053595.016028
15390,1.73,0.00018635742890182883,4.759383545517683e-06,2.3796917727588412e-05,0.00019692099886015058,0.6860992809997697,112,11558.478530854,1786053602.4986935
15400,1.73,0.0002157734561478719,4.748074665869024e-06,2.3740373329345116e-05,0.00022635799905401655,0.7590139169988106,106,11566.002974148,1786053609.8150795
15410,1.73,0.00018307370191905648,4.736784830669171e-06,2.3683924153345853e-05,0.00022068900034355465,0.8541191189997335,109,11573.309268995,1786053617.3395655
15420,1.74,0.0011365920072421432,4.7255140743089205e-06,2.36275703715446e-05,0.0002220110000052955,0.7463978779996978,107,11580.757015455,1786053624.6459544
15430,1.74,0.0006621895008720458,4.714262431120948e-06,2.3571312155604742e-05,0.0002028380004048813,0.6828291510009876,110,11587.926837239,1786053632.0936694
15440,1.74,9.764708374859765e-05,4.70302993537971e-06,2.3515149676898552e-05,0.00025029700009326916,0.6809633800003212,107,11595.311628574,1786053639.263445
15450,1.74,0.00038548995507881045,4.691816621301343e-06,2.3459083106506713e-05,0.00021608200040645897,0.690811009000754,109,11602.621473362,1786053646.648281
15460,1.74,0.00022656063083559275,4.6806225230435385e-06,2.3403112615217694e-05,0.00020171899996057618,0.7094289710003068,117,11609.948793733,1786053653.958109
15470,1.74,0.00012853673251811415,4.669447674705466e-06,2.334723837352733e-05,0.00019468699974822812,0.7056207400000858,115,11617.231654682,1786053661.2854633
15480,1.74,0.0009061773307621479,4.658292110327648e-06,2.329146055163824e-05,0.000222925000343821,0.7304816840005515,113,11624.821404402,1786053668.5681992
15490,1.74,0.0002646680804900825,4.647155863891871e-06,2.3235779319459355e-05,0.00026933200024359394,0.8792536869987089,115,11632.162520023,1786053676.1580474
15500,1.74,0.0004315894329920411,4.6360389693210725e-06,2.3180194846605364e-05,0.0002331039995624451,0.7337121970012959,116,11639.969704499,1786053683.4991822
15510,1.75,0.0005329754203557968,4.624941460479242e-06,2.312470730239621e-05,0.00019504699957906269,0.717478778999066,113,11647.050109166,1786053691.3064067
15520,1.75,0.00013885048974771053,4.613863371171314e-06,2.306931685585657e-05,0.0002633870008139638,0.6924249250005232,113,11654.859700465,1786053698.3867514
15530,1.75,0.0002587362832855433,4.602804735143068e-06,2.301402367571534e-05,0.00021872399884159677,0.7078178160008974,110,11662.131825397,1786053706.1963618
15540,1.75,0.00010582809773040935,4.591765586081033e-06,2.2958827930405162e-05,0.0002569600001152139,0.6897800099995948,115,11669.733613993,1786053713.4684584
15550,1.75,0.0006507489015348256,4.580745957612367e-06,2.2903729788061834e-05,0.00021895700047025457,0.7076328269995429,104,11676.671170883,1786053721.0702658
15560,1.75,6.903849134687334e-05,4.569745883304773e-06,2.284872941652386e-05,0.00023133400100050494,0.6883217869999498,108,11684.596679201,1786053728.0078225
15570,1.75,0.0008527968311682343,4.558765396666377e-06,2.2793826983331885e-05,0.00021392400049080607,0.9545806499991158,109,11692.074594867,1786053735.9333568
15580,1.75,0.00045670478721149266,4.547804531145655e-06,2.2739022655728276e-05,0.00022237099983613007,0.8405167460005032,102,11699.19105127,1786053743.4112217
15590,1.76,8.937292295740917e-05,4.536863320131302e-06,2.2684316600656507e-05,0.0001929909994942136,0.7362423109989322,104,11706.690737594,1786053750.5275974
15600,1.76,0.004996675532311201,4.525941796952141e-06,2.2629708984760704e-05,0.00023030900047160685,0.745755376001398,112,11714.540516986,1786053758.0273058
15610,1.76,0.00047744298353791237,4.515039994877028e-06,2.257519997438514e-05,0.00022738499865226913,0.7381392509996658,109,11722.053330063,1786053765.8771737
15620,1.76,9.423318988410756e-05,4.504157947114741e-06,2.2520789735573704e-05,0.00045568499990622513,0.9128818480003247,116,11729.624280627,1786053773.3899758
15630,1.76,0.001468289759941399,4.493295686813887e-06,2.2466478434069436e-05,0.000200620999748935,0.9209462630005874,113,11736.688493579,1786053780.961052
15640,1.76,0.002363975392654538,4.482453247062795e-06,2.241226623531397e-05,0.00028507900060503744,0.7053571300002659,110,11744.365924787,1786053788.0250163
15650,1.76,0.00015538827574346215,4.471630660889414e-06,2.2358153304447067e-05,0.00020459600091271568,0.7221345809994091,118,11751.751880011,1786053795.7025106
15660,1.76,0.00017104488506447524,4.460827961261218e-06,2.2304139806306087e-05,0.00042018199928861577,0.7384290339996369,115,11759.261277654,1786053803.0884776
15670,1.76,0.0006015625549480319,4.4500451810851065e-06,2.2250225905425533e-05,0.0002058099998976104,0.6948707090014068,111,11766.57934118,1786053810.597873
15680,1.77,0.0003451051306910813,4.4392823532072984e-06,2.219641176603649e-05,0.000289671999780694,0.7179049599999416,115,11774.311019295,1786053817.9160144
15690,1.77,6.745585415046662e-05,4.428539510413229e-06,2.2142697552066143e-05,0.00021078999998280779,0.6848746349987778,107,11781.791577806,1786053825.6475408
15700,1.77,5.249091918813065e-05,4.417816685427466e-06,2.208908342713733e-05,0.00022193899894773494,0.706467537998833,116,11789.067674467,1786053833.1282318
15710,1.77,0.0004915717872790992,4.407113910913592e-06,2.2035569554567963e-05,0.00022088500008976553,0.9648409130004438,110,11796.466596393,1786053840.404345
15720,1.77,0.00016561514348722994,4.396431219474112e-06,2.198215609737056e-05,0.0002701419998629717,0.6953505009987566,110,11804.355869789,1786053847.8032439
15730,1.77,0.00019986004917882383,4.385768643650361e-06,2.1928843218251805e-05,0.00022646800061920658,0.7294570640005986,111,11811.882186971,1786053855.6924124
15740,1.77,0.00021441611170303077,4.3751262159223915e-06,2.187563107961196e-05,0.0004190700001345249,0.7083299409987376,106,11819.185915332,1786053863.218866
15750,1.77,0.0002064682776108384,4.364503968708884e-06,2.182251984354442e-05,0.0003021180000359891,0.7161811429996305,113,11826.412073922,1786053870.522577
15760,1.77,0.001152604352682829,4.353901934367045e-06,2.1769509671835224e-05,0.00023615899954165798,0.6864298649998091,106,11834.019110532,1786053877.748724
15770,1.78,0.0019446053775027394,4.343320145192512e-06,2.1716600725962562e-05,0.0002119900000252528,0.7029860189995816,109,11841.524312735,1786053885.3557768
15780,1.78,0.0006617822218686342,4.33275863341925e-06,2.166379316709625e-05,0.00019982600133516826,0.8833777090003423,106,11848.813076384,1786053892.8609543
15790,1.78,0.00023488143051508814,4.322217431219453e-06,2.1611087156097264e-05,0.0006159200002002763,0.6906231080010912,113,11856.128087775,1786053900.1494992
15800,1.78,0.005933777429163456,4.3116965707034505e-06,2.1558482853517253e-05,0.00022559599892701954,0.6896225000000413,118,11863.840706471,1786053907.4647071
15810,1.78,0.0010443278588354588,4.301196083919613e-06,2.1505980419598064e-05,0.0002703869995457353,0.695843829000296,113,11871.290527969,1786053915.1773717
15820,1.78,0.0006169128464534879,4.290716002854241e-06,2.1453580014271203e-05,0.0002721759992709849,0.7007109469996067,112,11878.618436823,1786053922.6271992
15830,1.78,0.00033589571830816567,4.280256359431479e-06,2.1401281797157393e-05,0.00021662899962393567,0.6935421340003813,112,11885.919183797,1786053929.955195
15840,1.78,0.00033987578353844583,4.269817185513214e-06,2.134908592756607e-05,0.00024827100060065277,0.9198940509995737,104,11893.373587982,1786053937.2558672
15850,1.78,0.0001397738087689504,4.2593985128989806e-06,2.1296992564494904e-05,0.0005641640000249026,0.6949774249987968,106,11900.840077124,1786053944.7101736
15860,1.79,0.0001466363901272416,4.249000373325864e-06,2.124500186662932e-05,0.00028014599956804886,0.7508804770004645,112,11908.185343872,1786053952.1767352
15870,1.79,0.0032763357739895582,4.2386227984684e-06,2.1193113992342e-05,0.00023120500009099487,0.7175356190000457,112,11915.468558975,1786053959.5215528
15880,1.79,0.0002956488751806319,4.228265819938482e-06,2.114132909969241e-05,0.00020358600158942863,0.6937808420007059,112,11923.038963645,1786053966.8051615
15890,1.79,0.001726194634102285,4.21792946928526e-06,2.10896473464263e-05,0.00019518199951562565,0.7062575569998444,111,11930.48187578,1786053974.3755774
15900,1.79,7.684020238230005e-05,4.2076137779950524e-06,2.103806888997526e-05,0.000279665999187273,0.7057880270003807,107,11937.79501665,1786053981.818534
15910,1.79,0.00011608321801759303,4.197318777491245e-06,2.0986593887456223e-05,0.0002729240004555322,0.7309429619999719,114,11944.904203956,1786053989.131554
15920,1.79,0.0012348489835858345,4.187044499134193e-06,2.0935222495670968e-05,0.00028933599969604984,0.8740242490002856,117,11952.644934087,1786053996.2408762
15930,1.79,0.0004986308631487191,4.176790974221132e-06,2.088395487110566e-05,0.00020865599981334526,0.690225319000092,109,11960.111859122,1786054003.9813983
15940,1.79,0.0002791160368360579,4.166558233986073e-06,2.0832791169930364e-05,0.00020364299962238874,0.6962687560007907,115,11967.445826562,1786054011.4484496
15950,1.8,0.00029535830253735185,4.156346309599722e-06,2.078173154799861e-05,0.000203251000129967,0.710845198998868,116,11974.764150706,1786054018.7824845
15960,1.8,0.0021020828280597925,4.146155232169371e-06,2.0730776160846853e-05,0.00022640699899056926,0.6767912599989359,112,11982.70715038,1786054026.100552
15970,1.8,0.00012468443310353905,4.135985032738807e-06,2.0679925163694037e-05,0.00024502500127709936,0.705082272999789,117,11990.222404701,1786054034.0437338
15980,1.8,0.0006701527163386345,4.125835742288223e-06,2.0629178711441115e-05,0.0002696920000744285,0.7088384549988405,113,11997.531880621,1786054041.5590265
15990,1.8,0.00012974235869478434,4.115707391734115e-06,2.0578536958670573e-05,0.00026503099979890976,0.6968090030004532,107,12004.792803002,1786054048.8685455
16000,1.8,0.00044121438986621797,4.1056000119292e-06,2.0528000059645997e-05,0.00023089400019671302,0.8842218929985393,115,12035.961878684,1786054056.1294613
16010,1.8,0.0003007365739904344,4.095513633662305e-06,2.0477568168311526e-05,0.00019887300004484132,0.701228899999478,115,12043.480974063,1786054087.2985206
16020,1.8,0.00021485387696884573,4.085448287658292e-06,2.0427241438291458e-05,0.00022476199956145138,0.6971569300003466,114,12050.927660266,1786054094.8175511
16030,1.8,0.0002616401470731944,4.0754040045779455e-06,2.037702002288973e-05,0.0002190019986301195,0.6787820150002517,113,12058.266825208,1786054102.2642887
16040,1.81,0.011798637919127941,4.065380815017898e-06,2.032690407508949e-05,0.00021659000049112365,0.8519509000016114,112,12065.810164582,1786054109.6036406
16050,1.81,0.00013938176562078297,4.055378749510522e-06,2.027689374755261e-05,0.00020336699890322052,0.6900032930007001,113,12073.189078512,1786054117.146736
16060,1.81,0.00011569606431294233,4.045397838523841e-06,2.0226989192619203e-05,0.0002057429992419202,0.6963606259996595,107,12080.591861237,1786054124.5257428
16070,1.81,0.00013173326442483813,4.035438112461445e-06,2.0177190562307223e-05,0.00021382500017352868,0.7112254269995901,114,12087.82722668,1786054131.9284434
16080,1.81,0.00019752848311327398,4.025499601662384e-06,2.0127498008311922e-05,0.00020866399972874206,0.6762997750010982,107,12095.715703253,1786054139.1638556
16090,1.81,0.00044508223072625697,4.015582336401086e-06,2.007791168200543e-05,0.00037392299964267295,0.7063304919993243,109,12103.126784229,1786054147.052357
16100,1.81,0.0006896056584082544,4.005686346887262e-06,2.002843173443631e-05,0.00021242200091364793,0.6821828190004453,111,12110.394879613,1786054154.463476
16110,1.81,0.00035938280052505434,3.995811663265812e-06,1.9979058316329057e-05,0.000214864998270059,0.7273748650004563,118,12117.548935536,1786054161.731498
16120,1.81,0.0010360542219132185,3.985958315616732e-06,1.9929791578083658e-05,0.00021877499966649339,0.7062359139999899,113,12125.021838564,1786054168.8855307
16130,1.82,0.00018015668320003897,3.976126333955032e-06,1.988063166977516e-05,0.0001936410008056555,0.6962620200010861,118,12132.532018249,1786054176.3585114
16140,1.82,9.764137939782813e-05,3.9663157482306305e-06,1.9831578741153153e-05,0.0002165870009775972,0.7454517780006427,110,12139.870076847,1786054183.8685963
16150,1.82,0.002178907161578536,3.956526588328275e-06,1.9782632941641374e-05,0.00021506499979295768,0.7122572989992477,111,12147.089550816,1786054191.2067075
16160,1.82,0.000127910083392635,3.946758884067443e-06,1.973379442033721e-05,0.0002148790008504875,0.7054238639993855,110,12154.663121277,1786054198.4262016
16170,1.82,0.0010776185663416982,3.937012665202253e-06,1.9685063326011266e-05,0.00021818700042786077,0.9474148619992775,110,12162.059177483,1786054205.9996836
16180,1.82,0.00048476766096428037,3.927287961421382e-06,1.963643980710691e-05,0.0002292080007464392,0.6860914989993034,106,12169.268946245,1786054213.3958116
16190,1.82,0.0005093336803838611,3.9175848023479655e-06,1.9587924011739824e-05,0.00022167600036482327,0.7166336999998748,112,12176.578783938,1786054220.6055417
16200,1.82,0.00010998039942933246,3.907903217539503e-06,1.9539516087697514e-05,0.00026304499988327734,0.8856367170010344,105,12184.220523837,1786054227.9154356
16210,1.82,0.00011619317956501618,3.898243236487785e-06,1.9491216182438928e-05,0.00023941400104376953,0.8901958589995047,111,12191.414829145,1786054235.5571754
16220,1.83,0.0011526844464242458,3.888604888618787e-06,1.944302444309393e-05,0.00021546499920077622,0.6978373140009353,113,12198.643137268,1786054242.751455
16230,1.83,0.00022654277563560754,3.87898820329259e-06,1.9394941016462948e-05,0.00032576800003880635,0.7024525619999622,113,12206.053883579,1786054249.979809
16240,1.83,0.0006949161761440337,3.8693932098032845e-06,1.9346966049016424e-05,0.0002678499986359384,0.9222884399987379,109,12213.714496342,1786054257.3902044
16250,1.83,0.0007161474786698818,3.859819937378885e-06,1.9299099686894423e-05,0.0002632350006024353,0.8505393579998781,110,12221.301027112,1786054265.0510278
16260,1.83,0.00014123030996415764,3.850268415181237e-06,1.925134207590618e-05,0.00022143400019558612,0.7012924509999721,109,12228.741199318,1786054272.6376343
16270,1.83,0.00018671961151994765,3.840738672305937e-06,1.9203693361529686e-05,0.00020256999960110988,0.702586233999682,115,12236.296756392,1786054280.0778697
16280,1.83,0.00012483504542615265,3.831230737782234e-06,1.9156153688911167e-05,0.0002206839999416843,0.7372330990001501,117,12243.891607764,1786054287.6334248
16290,1.83,0.00019560757209546864,3.821744640572945e-06,1.9108723202864725e-05,0.00021236400061752647,0.6977785660001246,107,12251.479010042,1786054295.2282531
16300,1.83,0.00034169203718192875,3.812280409574367e-06,1.9061402047871835e-05,0.00019955999960075133,0.7351259730003221,109,12258.816627116,1786054302.815672
16310,1.84,0.00010702550935093313,3.8028380736161853e-06,1.9014190368080926e-05,0.00022569700013264082,0.6979379500007781,111,12266.510781483,1786054310.153201
16320,1.84,0.0006075754063203931,3.7934176614614e-06,1.8967088307307e-05,0.00021095400006743148,0.8734623399996053,113,12273.801123087,1786054317.847482
16330,1.84,0.013695468194782734,3.784019201806215e-06,1.8920096009031073e-05,0.000488195999423624,0.7234471780011518,112,12281.292516972,1786054325.1377964
16340,1.84,0.0008271053084172308,3.774642723279971e-06,1.8873213616399855e-05,0.00021305600057530683,0.757699687999775,112,12288.506559918,1786054332.6291769
16350,1.84,0.00018451971118338406,3.765288254445045e-06,1.8826441272225224e-05,0.00019546399926184677,0.6856137650011078,114,12296.075230269,1786054339.8432455
16360,1.84,0.0001790996757335961,3.7559558237967743e-06,1.877977911898387e-05,0.00034979799966095015,0.7039261650006665,108,12303.499210633,1786054347.4118817
16370,1.84,0.000713984074536711,3.7466454597633593e-06,1.8733227298816797e-05,0.0004884170011791866,0.7012192030015285,112,12310.743595841,1786054354.8357437
16380,1.84,0.000862720247823745,3.737357190705785e-06,1.8686785953528924e-05,0.00025183299840136897,0.6903296450000198,109,12318.073193406,1786054362.0802705
16390,1.85,0.000380119337933138,3.7280910449177276e-06,1.8640455224588637e-05,0.0002702530000533443,0.6933819820005738,107,12325.808843722,1786054369.409823
16400,1.85,7.857847958803177e-05,3.718847050625474e-06,1.859423525312737e-05,0.00021468500017363112,0.6968391219998011,110,12333.241252227,1786054377.1453605
16410,1.85,0.0005713695427402854,3.7096252359878375e-06,1.8548126179939187e-05,0.00029128700043656863,0.8998758729994734,105,12340.659528379,1786054384.577922
16420,1.85,0.00031081895576789975,3.7004256290960623e-06,1.850212814548031e-05,0.00020860699987679254,0.6794308380012808,111,12348.016157638,1786054391.9961324
16430,1.85,0.0003205217362847179,3.6912482579737435e-06,1.845624128986872e-05,0.00023190100000647362,0.681699569000557,107,12355.55491843,1786054399.3527474
16440,1.85,0.0004664828011300415,3.682093150576752e-06,1.8410465752883758e-05,0.0004122240006836364,0.6994694940003683,114,12363.0974994,1786054406.891584
16450,1.85,8.861815877025947e-05,3.672960334793128e-06,1.836480167396564e-05,0.00019257399981142953,0.7035544270001992,111,12370.664982152,1786054414.4341135
16460,1.85,0.0001365026255371049,3.663849838443011e-06,1.8319249192215055e-05,0.00019244100076321047,0.7234612970005401,113,12378.046882138,1786054422.0016656
16470,1.85,0.0002354203024879098,3.6547616892785578e-06,1.8273808446392787e-05,0.00031850199957261793,0.6777059730011388,109,12385.623992049,1786054429.3835282
16480,1.86,0.00011371175787644461,3.645695914983844e-06,1.8228479574919218e-05,0.000263703001110116,0.8830844879994402,112,12392.852282798,1786054436.9606407
16490,1.86,0.0004924819222651422,3.636652543174788e-06,1.818326271587394e-05,0.00020956799926352687,0.6994181769987335,113,12400.255352751,1786054444.1889226
16500,1.86,9.738895460031927e-05,3.627631601399073e-06,1.8138158006995364e-05,0.0004932210013066651,0.7068147480003972,104,12407.440748213,1786054451.5919747
16510,1.86,0.007818948477506638,3.618633117136051e-06,1.8093165585680256e-05,0.00021742100034316536,0.702305921999141,111,12414.812563537,1786054458.7774336
16520,1.86,0.00017297353770118207,3.609657117796664e-06,1.804828558898332e-05,0.0002758269984042272,0.7234231740003452,111,12422.065337554,1786054466.1491768
16530,1.86,0.00040203845128417015,3.600703630723364e-06,1.800351815361682e-05,0.0002230890004284447,0.6841677939992223,106,12429.458313605,1786054473.401987
16540,1.86,9.807929745875299e-05,3.5917726831900223e-06,1.7958863415950112e-05,0.0001967209991562413,0.6969802439998602,107,12436.785244319,1786054480.7949615
16550,1.86,0.002330867340788245,3.582864302401859e-06,1.7914321512009295e-05,0.0002599500003270805,0.6910242720005044,110,12444.224049836,1786054488.121825
16560,1.86,0.00035771389957517385,3.5739785154953445e-06,1.786989257747672e-05,0.0003686460004246328,0.7404162479997467,109,12451.603360385,1786054495.5606875
16570,1.87,0.00038590061012655497,3.5651153495381264e-06,1.782557674769063e-05,0.0002095969994115876,0.8390298549984436,118,12458.656363096,1786054502.9400213
16580,1.87,6.485707854153588e-05,3.556274831528943e-06,1.7781374157644715e-05,0.00020203399981255643,0.7238877540003159,104,12466.103171306,1786054509.9928968
16590,1.87,0.0003634886525105685,3.547456988397551e-06,1.7737284941987753e-05,0.00021311599994078279,0.7055279390006035,112,12473.842024467,1786054517.4398303
16600,1.87,0.001065193209797144,3.538661847004625e-06,1.7693309235023125e-05,0.00020383199989737477,0.711003360000177,111,12481.091022532,1786054525.1785817
16610,1.87,0.00027002053684554994,3.5298894341416932e-06,1.7649447170708465e-05,0.00020544699873425998,0.7057814729996608,108,12488.412157656,1786054532.4276628
16620,1.87,0.00013654472422786057,3.5211397765310472e-06,1.7605698882655237e-05,0.0001987369996641064,0.705660743999033,105,12495.683534226,1786054539.7488313
16630,1.87,0.0005880033713765442,3.512412900825657e-06,1.7562064504128285e-05,0.0002683369984879391,0.7158313230011117,111,12503.348751865,1786054547.0201359
16640,1.87,0.0005323741934262216,3.5037088336091054e-06,1.7518544168045525e-05,0.00022893599998496938,0.6997433570013527,116,12510.793417566,1786054554.6854086
16650,1.87,6.924667832208797e-05,3.4950276013954874e-06,1.7475138006977436e-05,0.0001942390008480288,0.8699914129992976,108,12518.053845859,1786054562.1300874
16660,1.88,0.00012710544979199767,3.4863692306293423e-06,1.7431846153146712e-05,0.00021895300051255617,0.7227491590001591,104,12525.461355494,1786054569.390513
16670,1.88,0.000468715705210343,3.47773374768557e-06,1.738866873842785e-05,0.00019237000014982186,0.8746609079989867,114,12532.845524434,1786054576.79826
16680,1.88,0.00010209887113887817,3.469121178869346e-06,1.734560589434673e-05,0.00025603299945942126,0.7034398460000375,115,12540.269742473,1786054584.1822069
16690,1.88,8.643077308079228e-05,3.460531550416052e-06,1.7302657752080258e-05,0.0002080309986922657,0.702338981000139,105,12547.584112541,1786054591.6064322
16700,1.88,0.0007615850772708654,3.451964888491185e-06,1.7259824442455923e-05,0.0002023270008066902,0.6956269490001432,113,12554.975122211,1786054598.9207547
16710,1.88,0.000717437535058707,3.443421219190283e-06,1.7217106095951412e-05,0.00019629300004453398,0.699927278999894,112,12562.486904394,1786054606.3118026
16720,1.88,0.0010403846390545368,3.434900568538842e-06,1.717450284269421e-05,0.00021847999960300513,0.7424887859997398,103,12569.681249013,1786054613.823515
16730,1.88,8.144840830937028e-05,3.426402962492246e-06,1.713201481246123e-05,0.0002148910007235827,0.6793815999990329,105,12577.167425578,1786054621.0177853
16740,1.88,0.00026762072229757905,3.4179284269356727e-06,1.7089642134678362e-05,0.0002096089992846828,0.725989598000524,110,12584.757406589,1786054628.504066
16750,1.89,0.0006185300881043077,3.4094769876840305e-06,1.7047384938420154e-05,0.0004390009999042377,0.8600453130002279,116,12592.474611053,1786054636.0939596
16760,1.89,0.005533542949706316,3.4010486704818667e-06,1.7005243352409334e-05,0.00026311399960832205,0.6960845270004938,114,12599.886605418,1786054643.811222
16770,1.89,0.00019120782963000238,3.3926435010032955e-06,1.6963217505016476e-05,0.0005022539990022779,0.6835701199997857,117,12607.239156164,1786054651.2232692
16780,1.89,0.0003686127020046115,3.384261504851925e-06,1.6921307524259624e-05,0.0002312540000275476,0.743729286999951,114,12614.680908329,1786054658.5757644
16790,1.89,0.00462437653914094,3.3759027075607675e-06,1.6879513537803836e-05,0.00018969899974763393,0.9071612949992414,108,12622.366050578,1786054666.017547
16800,1.89,0.00012459522986318916,3.367567134592167e-06,1.6837835672960835e-05,0.0002704660000745207,0.7365410599995812,113,12629.783362881,1786054673.7026267
16810,1.89,0.0019530829740688205,3.359254811337727e-06,1.6796274056688635e-05,0.0002145020007446874,0.6828929439998319,105,12637.110109694,1786054681.1200268
16820,1.89,8.525158773409203e-05,3.3509657631182265e-06,1.6754828815591133e-05,0.00020968500029994175,0.6957212750003237,107,12644.47709124,1786054688.446791
16830,1.89,0.0035665282048285007,3.342700015183539e-06,1.671350007591769e-05,0.00023993499962671194,0.691721769000651,114,12652.004261536,1786054695.8137426
16840,1.9,0.0011003429535776377,3.334457592712571e-06,1.6672287963562855e-05,0.00022814700059825554,0.6956313669998053,115,12659.183449641,1786054703.3408308
16850,1.9,0.00019485711527522653,3.326238520813171e-06,1.6631192604065855e-05,0.0002347170011489652,0.6846207010003127,108,12666.59210712,1786054710.5201337
16860,1.9,0.0002495993103366345,3.318042824522052e-06,1.659021412261026e-05,0.00022897199960425496,0.7151300799996534,104,12673.763674055,1786054717.9286687
16870,1.9,0.002152200322598219,3.3098705288047335e-06,1.6549352644023666e-05,0.00024876700081222225,0.7020108389988309,112,12681.167199906,1786054725.1003604
16880,1.9,9.229619899997488e-05,3.3017216585554407e-06,1.6508608292777204e-05,0.0002248210003017448,0.702690606998658,111,12688.601443208,1786054732.5038362
16890,1.9,0.00030407257145270705,3.2935962385970466e-06,1.6467981192985232e-05,0.00024295600087498315,0.7245170429996506,111,12695.874511425,1786054739.9381192
16900,1.9,0.0002631469105836004,3.2854942936809904e-06,1.642747146840495e-05,0.0006150820008770097,0.6878960600006394,103,12703.108198548,1786054747.211064
16910,1.9,0.0008255229913629591,3.2774158484871986e-06,1.638707924243599e-05,0.0002708179999899585,0.7009602269990864,112,12710.54795292,1786054754.4447908
16920,1.9,0.0003625173994805664,3.26936092762402e-06,1.63468046381201e-05,0.0002158190000045579,0.6786233140010154,110,12717.875175649,1786054761.8845005
16930,1.91,0.00014952463970985264,3.26132955562814e-06,1.6306647778140697e-05,0.0003238579993194435,0.7090292280008725,115,12725.118703119,1786054769.2118506
16940,1.91,0.0001074512765626423,3.253321756964508e-06,1.626660878482254e-05,0.00019685999905050267,0.7210046569998667,108,12732.327283915,1786054776.4553597
16950,1.91,0.0005824263789691031,3.2453375560262677e-06,1.622668778013134e-05,0.00022184800036484376,0.8754267639997124,115,12740.200119037,1786054783.66394
16960,1.91,0.00011221635941183195,3.237376977134683e-06,1.6186884885673413e-05,0.0004442200006451458,0.6786264769998525,115,12747.602682213,1786054791.5367568
16970,1.91,0.0003982004418503493,3.229440044539055e-06,1.6147200222695275e-05,0.00019561299995984882,0.9105469369987986,112,12754.904963664,1786054798.9390585
16980,1.91,0.00011692965199472383,3.2215267824166584e-06,1.610763391208329e-05,0.0002446270009386353,0.7229256509999686,110,12762.15767303,1786054806.241661
16990,1.91,0.0005366519908420742,3.2136372148726613e-06,1.6068186074363308e-05,0.00022273700051300693,0.7068845830017381,117,12769.790147903,1786054813.4942896
17000,1.91,0.00015300091763492674,3.205771365940052e-06,1.602885682970026e-05,0.0002031660005741287,0.6946759750007914,110,12777.222274827,1786054821.1268332
17010,1.91,0.0002505621232558042,3.1979292595795754e-06,1.5989646297897875e-05,0.00026980400070897304,0.6752340069997445,110,12784.608316643,1786054828.5589237
17020,1.92,0.00019003977649845183,3.1901109196796453e-06,1.5950554598398227e-05,0.00026032599998870865,0.7182374050007638,105,12791.855554494,1786054835.9449425
17030,1.92,0.000480093527585268,3.1823163700562806e-06,1.59115818502814e-05,0.00023772800159349572,0.7404032020003797,106,12799.433985046,1786054843.1921155
17040,1.92,0.0020644869655370712,3.174545634453029e-06,1.5872728172265144e-05,0.0004026580008940073,0.712971083001321,117,12806.883699436,1786054850.770574
17050,1.92,0.0003412015503272414,3.1667987365409025e-06,1.5833993682704512e-05,0.0005375130003812956,0.6776206670001557,111,12814.201916524,1786054858.2203443
17060,1.92,8.852641622070223e-05,3.159075699918296e-06,1.579537849959148e-05,0.0002030139985436108,0.7358013329994719,111,12821.855148944,1786054865.538437
17070,1.92,0.00018673212616704404,3.1513765481109152e-06,1.5756882740554576e-05,0.00025140899924736004,0.8709719779999432,114,12829.331962336,1786054873.1916485
17080,1.92,0.00017017241043504328,3.1437013045717148e-06,1.5718506522858573e-05,0.0002025560006586602,0.712480741998661,110,12836.835412787,1786054880.6686158
17090,1.92,0.00021869067859370261,3.136049992680813e-06,1.5680249963404063e-05,0.0002697849995456636,0.6974616219995369,105,12844.213517721,1786054888.1720514
17100,1.93,0.00010002237831940874,3.128422635745438e-06,1.564211317872719e-05,0.00022353900021698792,0.7227862109994021,110,12851.679587144,1786054895.5501697
17110,1.93,0.00014047948934603482,3.12081925699984e-06,1.56040962849992e-05,0.0004560249999485677,0.6973917650011572,110,12858.929837103,1786054903.016243
17120,1.93,0.0002644339401740581,3.11323987960523e-06,1.556619939802615e-05,0.00021968600049149245,0.733596107998892,113,12866.570751421,1786054910.2664576
17130,1.93,0.00014388946874532849,3.1056845266497037e-06,1.5528422633248518e-05,0.00023376799981633667,0.6933621989992389,109,12873.874486724,1786054917.9073448
17140,1.93,0.0002971368085127324,3.098153221148175e-06,1.5490766105740877e-05,0.00019838700063701253,0.6894080620004388,113,12881.277203263,1786054925.2110748
17150,1.93,0.007512279320508242,3.0906459860423125e-06,1.545322993021156e-05,0.0002262939997308422,0.8915107529992383,116,12888.976713388,1786054932.613863
17160,1.93,5.8069901569979265e-05,3.083162844200453e-06,1.5415814221002264e-05,0.00025151000045298133,0.8818252900000516,110,12896.490900675,1786054940.3133504
17170,1.93,0.00036104314494878054,3.075703818417542e-06,1.5378519092087708e-05,0.0002066390006802976,0.7175498110009357,110,12903.788779193,1786054947.8275135
17180,1.93,0.0001478610938647762,3.0682689314150703e-06,1.5341344657075352e-05,0.00040618500133859925,0.6869486970008438,110,12911.421300541,1786054955.1251717
17190,1.94,0.00011210872617084533,3.060858205840991e-06,1.5304291029204958e-05,0.00022217399964574724,0.8847681650004233,105,12918.42613613,1786054962.7578788
17200,1.94,0.0006054192199371755,3.053471664269657e-06,1.5267358321348285e-05,0.00022889299907546956,0.717225917000178,113,12926.084000574,1786054969.7628207
17210,1.94,0.00014546203601639718,3.0461093292017592e-06,1.5230546646008795e-05,0.0002037310005107429,0.6911687020001409,108,12933.456532699,1786054977.4205897
17220,1.94,7.118327630450949e-05,3.038771223064245e-06,1.5193856115321223e-05,0.00027386100009607617,0.7441004050015181,107,12941.085185976,1786054984.7931588
17230,1.94,0.000782051938585937,3.0314573682102565e-06,1.5157286841051283e-05,0.0002827259995683562,0.6770417619991349,110,12948.097063918,1786054992.42177
17240,1.94,0.0013743338640779257,3.0241677869190676e-06,1.5120838934595339e-05,0.00020803799998247996,0.694637047001379,119,12955.436598598,1786054999.4336128
17250,1.94,0.001222550286911428,3.0169025013960048e-06,1.5084512506980023e-05,0.00020636400040530134,0.6905608930010203,108,12962.618405568,1786055006.7732224
17260,1.94,0.010029297322034836,3.009661533772389e-06,1.5048307668861944e-05,0.0001920710001286352,0.7298051500001748,117,12970.284753445,1786055013.9550896
17270,1.94,0.0003646131372079253,3.0024449061054593e-06,1.5012224530527297e-05,0.0002456189995427849,0.8672740609999892,110,12977.476590804,1786055021.6215384
17280,1.95,7.42909251130186e-05,2.9952526403783223e-06,1.497626320189161e-05,0.0005714180006179959,0.717125125000166,113,12985.224717386,1786055028.8132684
17290,1.95,0.0005603079916909337,2.988084758499862e-06,1.4940423792499309e-05,0.00033009800063155126,0.8754551879992505,108,12992.376067286,1786055036.5613213
17300,1.95,0.00011367852130206302,2.98094128230469e-06,1.490470641152345e-05,0.0003157640003337292,0.7288175300000148,112,13000.215398335,1786055043.7126675
17310,1.95,0.0004440925840754062,2.9738222335530743e-06,1.486911116776537e-05,0.0002915639997809194,0.7113041259999591,111,13007.314545891,1786055051.552076
17320,1.95,0.0006203277152962983,2.96672763393087e-06,1.4833638169654349e-05,0.0003620160005084472,0.6813319840002805,111,13014.81450116,1786055058.6512144
17330,1.95,0.00024289428256452084,2.9596575050494618e-06,1.4798287525247309e-05,0.00022338100097840652,0.6980057950004266,114,13022.162932248,1786055066.1511385
17340,1.95,0.0001642068091314286,2.9526118684456873e-06,1.4763059342228437e-05,0.00021789099992020056,0.7006146450003143,117,13029.968851895,1786055073.4995255
17350,1.95,0.002303456887602806,2.945590745581775e-06,1.4727953727908875e-05,0.00024267399930977263,0.945662883001205,108,13037.11160759,1786055081.3054123
17360,1.95,0.00011285082291578874,2.938594157845284e-06,1.4692970789226417e-05,0.00025582200032658875,0.6815753349983424,114,13044.715678703,1786055088.4483109
17370,1.96,0.002526472322642803,2.9316221265490353e-06,1.4658110632745175e-05,0.0002175050012738211,0.941559065000547,102,13051.804917925,1786055096.0523238
17380,1.96,0.00017484117415733635,2.924674672931045e-06,1.4623373364655223e-05,0.00025450700013607275,0.7154802400000335,112,13059.532904908,1786055103.1416337
17390,1.96,0.0003998344182036817,2.91775181815446e-06,1.45887590907723e-05,0.00024148699958459474,0.6803951149995555,106,13066.819116837,1786055110.8695035
17400,1.96,5.4956621170276776e-05,2.9108535833074986e-06,1.4554267916537493e-05,0.0002747979997366201,0.8727998880003724,104,13074.248853733,1786055118.155682
17410,1.96,0.00022102707589510828,2.903979989403377e-06,1.4519899947016884e-05,0.0002309079991391627,0.7187947800011898,102,13081.37886841,1786055125.585429
17420,1.96,0.0011505956063047051,2.8971310573802586e-06,1.4485655286901292e-05,0.00019480300034047104,0.7324644540003646,109,13089.089981109,1786055132.7154517
17430,1.96,8.531122148269787e-05,2.8903068081011758e-06,1.445153404050588e-05,0.00023024199981591664,0.7352244480007357,107,13096.326362827,1786055140.4266403
17440,1.96,0.0021844140719622374,2.8835072623539766e-06,1.4417536311769882e-05,0.00036346399974718224,0.8624738720009191,110,13103.738245533,1786055147.6628842
17450,1.96,0.0008835096377879381,2.8767324408512565e-06,1.4383662204256281e-05,0.00026234600045427214,0.7334442549999949,113,13111.282872813,1786055155.0749502
17460,1.97,0.00040230355807580054,2.8699823642302926e-06,1.4349911821151462e-05,0.0002528689983591903,0.7225276159988425,108,13118.904232525,1786055162.619448
17470,1.97,0.00040863006142899394,2.8632570530529956e-06,1.4316285265264979e-05,0.000248416999966139,0.7032241180004348,115,13125.979610444,1786055170.2408879
17480,1.97,0.0001999771047849208,2.856556527805826e-06,1.428278263902913e-05,0.00021866699898964725,0.6979588909998711,119,13133.609840086,1786055177.3161683
17490,1.97,0.0008100206614471972,2.8498808088997454e-06,1.4249404044498727e-05,0.00023294099992199335,0.7099211259992444,107,13140.824058327,1786055184.9465253
17500,1.97,0.00015062491002026945,2.8432299166701503e-06,1.4216149583350752e-05,0.00018785799875331577,0.6974502919983934,111,13148.65159289,1786055192.1606855
17510,1.97,0.005914779845625162,2.8366038713768164e-06,1.4183019356884081e-05,0.00026047999926959164,0.6804555390008318,106,13155.88373278,1786055199.9882667
17520,1.97,0.00044313358375802636,2.8300026932038227e-06,1.4150013466019114e-05,0.0002487340007064631,0.6810485920013889,111,13163.202907244,1786055207.220291
17530,1.97,0.00017181075236294419,2.8234264022595053e-06,1.4117132011297527e-05,0.00020053499974892475,0.7000376809992304,109,13170.527112459,1786055214.53958
17540,1.97,0.00018537002324592322,2.8168750185763834e-06,1.4084375092881916e-05,0.00019676100055221468,0.6904690789997403,113,13178.192335502,1786055221.8637342
17550,1.98,0.0001561206445330754,2.810348562111112e-06,1.405174281055556e-05,0.00024191800002881791,0.7243091770014871,116,13185.594348904,1786055229.5288944
17560,1.98,9.930157830240205e-05,2.8038470527444066e-06,1.4019235263722033e-05,0.00021800899958179798,0.849755859000652,107,13192.727663166,1786055236.9310522
17570,1.98,0.00013038371980655938,2.7973705102809922e-06,1.398685255140496e-05,0.00020103900169488043,0.6912989539996488,109,13200.302737203,1786055244.0643032
17580,1.98,0.00018054732936434448,2.7909189544495434e-06,1.3954594772247718e-05,0.0002180499996029539,0.8494467769996845,113,13207.645172988,1786055251.6395562
17590,1.98,0.00016109102580230683,2.784492404902616e-06,1.3922462024513078e-05,0.0002839519984263461,0.7303896680004982,118,13214.807365729,1786055258.9818113
17600,1.98,0.00014017710054758936,2.7780908812165914e-06,1.3890454406082956e-05,0.0002149740012100665,0.8828423369996017,110,13222.223507567,1786055266.1440544
17610,1.98,0.0009172780555672944,2.771714402891626e-06,1.3858572014458129e-05,0.0002007570001296699,0.7061740780009131,113,13229.748474719,1786055273.5601087
17620,1.98,0.00022394617553800344,2.7653629893515777e-06,1.3826814946757888e-05,0.00023866899937274866,0.8778653310000664,112,13237.267418979,1786055281.0850394
17630,1.98,0.0005206941859796643,2.759036659943951e-06,1.3795183299719755e-05,0.0002610770006867824,0.7092828709992318,106,13244.65765345,1786055288.6040564
17640,1.99,0.00015594945580232888,2.7527354339398432e-06,1.3763677169699216e-05,0.000257910000073025,0.8517076009993616,110,13251.852194152,1786055295.994322
17650,1.99,0.00016660366964060813,2.746459330533884e-06,1.373229665266942e-05,0.00022194099983607884,0.6896353829997679,112,13259.254722301,1786055303.188832
17660,1.99,0.0009951655520126224,2.74020836884417e-06,1.3701041844220849e-05,0.00038910500006750226,0.7494167740005651,115,13266.832562271,1786055310.591367
17670,1.99,0.00017593636584933847,2.7339825679122163e-06,1.366991283956108e-05,0.0002485959994373843,0.6804718189996493,113,13274.183542208,1786055318.1693447
17680,1.99,0.00014242292672861367,2.7277819467028903e-06,1.3638909733514451e-05,0.00021633899996231776,0.6996885370008386,109,13281.500683835,1786055325.5202188
17690,1.99,9.933680848916993e-05,2.721606524104361e-06,1.3608032620521804e-05,0.0003307269998913398,0.8837197400007426,105,13288.692486533,1786055332.8372915
17700,1.99,0.00040649381116963923,2.715456318928037e-06,1.3577281594640184e-05,0.00039766100053384434,0.6963117779996537,102,13296.542333902,1786055340.0291672
17710,1.99,0.0011085470905527472,2.7093313499085095e-06,1.3546656749542547e-05,0.00026069100022141356,0.7280362940000487,110,13303.985421545,1786055347.878808
17720,1.99,0.004691882524639368,2.7032316357034968e-06,1.3516158178517482e-05,0.00021248300072329585,0.8811507800000982,110,13311.272775228,1786055355.3219776
17730,2,0.000723115517757833,2.6971571948937825e-06,1.3485785974468911e-05,0.00020229400070093106,0.7255270570003631,115,13318.435156338,1786055362.6094296
17740,2,0.00016676251834724098,2.6911080459831717e-06,1.3455540229915858e-05,0.0001609150003787363,0.6881297750005615,110,13326.002926661,1786055369.7718782
17750,2,0.00015850069758016616,2.6850842073984196e-06,1.3425421036992098e-05,0.00016428299932158552,0.743260231000022,112,13333.263669679,1786055377.3396304
17760,2,0.0003854868991766125,2.6790856974891827e-06,1.3395428487445913e-05,0.00018310299856238998,0.7188969119997637,105,13341.746930632,1786055384.600173
17770,2,0.00036307351547293365,2.673112534527962e-06,1.336556267263981e-05,0.00033448599970142823,0.7033881569986988,112,13348.992056402,1786055393.0836427
17780,2,0.00010783874313347042,2.6671647367100474e-06,1.3335823683550237e-05,0.0001772779996827012,0.7299853170006827,107,13356.55398456,1786055400.328589
17790,2,0.00017195215332321823,2.661242322153465e-06,1.3306211610767325e-05,0.00017033200128935277,0.6995580009988771,109,13363.834590399,1786055407.8906155
17800,2,0.00045983531163074076,2.6553453088989144e-06,1.3276726544494572e-05,0.00017542699970363174,0.6829802110005403,110,13371.112919649,1786055415.1711519
17810,2,0.0004861597262788564,2.649473714909721e-06,1.3247368574548605e-05,0.0002707169987843372,0.7310046330003388,111,13378.275434869,1786055422.4495072
17820,2.01,0.0017791716381907463,2.6436275580717786e-06,1.3218137790358892e-05,0.00021769200066046324,0.7437096040011966,105,13385.856262575,1786055429.6119978
17830,2.01,0.0001648895995458588,2.6378068561934944e-06,1.3189034280967471e-05,0.00024459899941575713,0.7301284209988808,110,13393.389267393,1786055437.1930544
17840,2.01,0.00010273756925016642,2.6320116270057377e-06,1.3160058135028688e-05,0.0003248049997637281,0.7340769089987589,115,13400.702963655,1786055444.7258825
17850,2.01,0.0005881193792447448,2.62624188816178e-06,1.31312094408089e-05,0.00021792900042783003,0.6876007509999909,105,13407.893340899,1786055452.039618
17860,2.01,0.00028221445973031223,2.6204976572372463e-06,1.3102488286186232e-05,0.0003042130010726396,0.68566291299976,112,13415.509021098,1786055459.229935
17870,2.01,0.0010463995859026909,2.6147789517300597e-06,1.3073894758650298e-05,0.00024122800095938146,0.6932596070000727,113,13422.905910488,1786055466.8454916
17880,2.01,0.00025732521316967905,2.6090857890603906e-06,1.3045428945301951e-05,0.00019515900021360721,0.6849352720000752,103,13430.126518259,1786055474.2425032
17890,2.01,0.00027131810202263296,2.6034181865706e-06,1.3017090932853e-05,0.00019258400061517023,0.6818569919996662,110,13437.3689686,1786055481.4630275
17900,2.02,0.00025495587033219635,2.597776161525185e-06,1.2988880807625926e-05,0.00023738900017633568,0.6943867989994033,105,13445.038323383,1786055488.7056425
17910,2.02,0.0001443642977392301,2.592159731110735e-06,1.2960798655553674e-05,0.0002678340006241342,0.7300646280000365,115,13452.509182858,1786055496.3749273
17920,2.02,0.0011190767399966717,2.58656891243587e-06,1.293284456217935e-05,0.000266965000264463,0.6816880209989904,115,13459.770297402,1786055503.8457751
17930,2.02,0.00012722850078716874,2.5810037225311948e-06,1.2905018612655973e-05,0.000287559998469078,0.7288629970007605,108,13467.221747258,1786055511.1068661
17940,2.02,6.530823884531856e-05,2.5754641783492406e-06,1.2877320891746203e-05,0.00025403899962839205,0.8395954610004992,113,13474.71166324,1786055518.5584419
17950,2.02,0.0005868006264790893,2.569950296764422e-06,1.2849751483822109e-05,0.00020542799938993994,0.7118193810001685,109,13482.17835806,1786055526.0483165
17960,2.02,0.0007655142690055072,2.564462094572977e-06,1.2822310472864884e-05,0.0002154400008294033,0.7170495970003685,116,13489.442971112,1786055533.5149927
17970,2.02,0.00015525065828114748,2.558999588492921e-06,1.2794997942464604e-05,0.00018931799968413543,0.7390060120014823,108,13496.699412881,1786055540.7796297
17980,2.02,0.00207576435059309,2.553562795163997e-06,1.2767813975819984e-05,0.00022034299945516977,0.7578681190007046,112,13504.380713594,1786055548.0360029
17990,2.03,0.00035738357109948993,2.5481517311476183e-06,1.2740758655738091e-05,0.00019894300021405797,0.6944739899990964,104,13511.807676944,1786055555.717323
18000,2.03,0.0010179493110626936,2.5427664129268253e-06,1.2713832064634126e-05,0.00021496700173884165,0.6929136729995662,106,13543.890148717,1786055563.1443589
18010,2.03,0.0010280596325173974,2.5374068569062295e-06,1.2687034284531146e-05,0.00020242699974915013,0.682645278999189,120,13551.483185685,1786055595.2267942
18020,2.03,7.156380888773128e-05,2.5320730794119707e-06,1.2660365397059853e-05,0.00020344299991847947,0.8793510069990589,108,13559.157509412,1786055602.8198187
18030,2.03,0.0008286456577479839,2.5267650966916584e-06,1.2633825483458293e-05,0.00020587400103977416,0.6932442839988653,113,13566.518295142,1786055610.4941602
18040,2.03,0.003980775363743305,2.5214829249143295e-06,1.2607414624571648e-05,0.00022749900017515756,0.7001555450005981,110,13573.813419584,1786055617.8549654
18050,2.03,0.0005198498838581145,2.5162265801703947e-06,1.2581132900851972e-05,0.0001958210013981443,0.6993652490000386,108,13581.343741141,1786055625.1500912
18060,2.03,0.0004062980005983263,2.5109960784715912e-06,1.2554980392357956e-05,0.00021413800095615443,0.8813823839991528,112,13588.86209679,1786055632.6803517
18070,2.03,0.0012412393698468804,2.5057914357509355e-06,1.2528957178754678e-05,0.0007230369992612395,0.7057250010002463,106,13596.373884172,1786055640.1986835
18080,2.04,0.000651345937512815,2.5006126678626706e-06,1.2503063339313353e-05,0.000210553000215441,0.7121891279984993,117,13603.635727042,1786055647.7104502
18090,2.04,0.000990845263004303,2.4954597905822235e-06,1.2477298952911116e-05,0.00023304200112761464,0.681335459001275,109,13611.308207768,1786055654.972433
18100,2.04,0.000340960017638281,2.4903328196061485e-06,1.2451664098030743e-05,0.00020683199909399264,0.8932574460013711,114,13618.815913813,1786055662.6448832
18110,2.04,0.0003745585272554308,2.4852317705520925e-06,1.2426158852760462e-05,0.00103791399851616,0.7270964710005501,108,13626.199382359,1786055670.1523666
18120,2.04,0.0006240144721232355,2.480156658958734e-06,1.2400783294793668e-05,0.00020117099847993813,0.7215742359985597,114,13633.438589631,1786055677.5360982
18130,2.04,0.0012728265719488263,2.475107500285742e-06,1.2375537501428707e-05,0.0002009350009757327,0.7411915379998391,107,13641.243542632,1786055684.775188
18140,2.04,0.0001453700679121539,2.47008430991373e-06,1.235042154956865e-05,0.00019122100093227345,0.8614008719996491,102,13648.410554349,1786055692.5800877
18150,2.04,0.0005795204779133201,2.4650871031442063e-06,1.232543551572103e-05,0.00020488900008786004,0.7054431699998531,111,13656.064403058,1786055699.7472823
18160,2.04,0.0009573015267960727,2.4601158951995314e-06,1.2300579475997656e-05,0.0002445009995426517,0.7140149599999859,109,13663.366320122,1786055707.400873
18170,2.05,0.0005340474890545011,2.4551707012228664e-06,1.2275853506114331e-05,0.0001996179998968728,0.6959012349998375,108,13671.037596314,1786055714.7030036
18180,2.05,0.001206390094012022,2.450251536278129e-06,1.2251257681390643e-05,0.000247062000198639,0.7091298360010114,111,13678.265642458,1786055722.3743057
18190,2.05,0.0009193601435981691,2.445358415349947e-06,1.2226792076749734e-05,0.0005512530005944427,0.6805680639990896,112,13685.836441812,1786055729.602277
18200,2.05,0.0001067388293449767,2.4404913533436184e-06,1.2202456766718091e-05,0.00023499400049331598,0.6938495239992335,112,13693.029848423,1786055737.1730514
18210,2.05,0.00029196467949077487,2.4356503650850566e-06,1.2178251825425283e-05,0.0004994549999537412,0.7143918970014056,110,13700.474580742,1786055744.3662188
18220,2.05,0.0015528914518654346,2.4308354653207526e-06,1.2154177326603763e-05,0.0002680950001376914,0.7128948030003812,117,13707.473396814,1786055751.8111317
18230,2.05,0.0003086458600591868,2.4260466687177245e-06,1.2130233343588622e-05,0.00019164900004398078,0.7025990500005719,116,13715.172170956,1786055758.8099837
18240,2.05,0.0001787148939911276,2.4212839898634775e-06,1.2106419949317388e-05,0.00021080899932712782,0.7086946589988656,109,13722.325170588,1786055766.508775
18250,2.05,0.00018660814384929836,2.4165474432659585e-06,1.2082737216329792e-05,0.00018777300101646688,0.6934293160011293,110,13729.773000499,1786055773.661796
18260,2.06,8.70197472977452e-05,2.411837043353509e-06,1.2059185216767544e-05,0.0002030340001510922,0.6994674329998816,106,13736.896662099,1786055781.109552
18270,2.06,0.0005586569313891232,2.4071528044748237e-06,1.2035764022374119e-05,0.0002684070004761452,0.7214733109994995,111,13744.515781903,1786055788.2331994
18280,2.06,0.0008521481067873538,2.4024947408989076e-06,1.2012473704494536e-05,0.0002124519996868912,0.7000436849994003,117,13751.912485833,1786055795.8524687
18290,2.06,9.423805749975145e-05,2.3978628668150288e-06,1.1989314334075145e-05,0.00023726900144538376,0.8773994830007723,107,13759.168468743,1786055803.2491865
18300,2.06,0.0006292296457104385,2.3932571963326813e-06,1.1966285981663405e-05,0.00018389300021226518,0.6948463550015731,105,13766.308004183,1786055810.5050244
18310,2.06,0.0024803574196994305,2.3886777434815335e-06,1.1943388717407667e-05,0.00024260700047307182,0.8469903889999841,112,13773.809187526,1786055817.6447303
18320,2.06,0.00036719668423756957,2.384124522211395e-06,1.1920622611056974e-05,0.00020349700025690254,0.7124809390006703,107,13781.23836712,1786055825.1459033
18330,2.06,0.0004506804107222706,2.3795975463921668e-06,1.1897987731960834e-05,0.00019660699945234228,0.8744030590005423,106,13788.673154008,1786055832.5749657
18340,2.06,0.00046479987213388085,2.3750968298138006e-06,1.1875484149069003e-05,0.000204395999389817,0.6858435689991893,116,13795.788563103,1786055840.0098145
18350,2.07,0.0007763023022562265,2.3706223861862624e-06,1.1853111930931314e-05,0.00027032300022256095,0.7124711440010287,116,13803.617101484,1786055847.125201
18360,2.07,0.0002388818102190271,2.3661742291394825e-06,1.1830871145697412e-05,0.00021034600104030687,0.6937756420011283,109,13810.738563377,1786055854.9535966
18370,2.07,0.00011647189239738509,2.3617523722233177e-06,1.1808761861116587e-05,0.00025672199990367517,0.6827537720000691,111,13818.365138476,1786055862.075254
18380,2.07,0.0001256112736882642,2.3573568289075125e-06,1.1786784144537561e-05,0.0001995370002987329,0.6791448020012467,110,13825.688462708,1786055869.7017114
18390,2.07,0.0005432596663013101,2.3529876125816526e-06,1.1764938062908262e-05,0.00022912700114829931,0.8558219559999998,110,13833.115130494,1786055877.0251236
18400,2.07,0.000325933622661978,2.34864473655513e-06,1.174322368277565e-05,0.00020591400061675813,0.717291466999086,115,13840.645754123,1786055884.4516587
18410,2.07,0.00011853498290292919,2.344328214057098e-06,1.172164107028549e-05,0.00021344800006772857,0.7153127189994848,114,13848.163374356,1786055891.982416
18420,2.07,0.0031400127336382866,2.3400380582364317e-06,1.1700190291182158e-05,0.0002531219997763401,0.7036682030011434,110,13855.352750269,1786055899.4999266
18430,2.07,0.00032601767452433705,2.3357742821616908e-06,1.1678871410808454e-05,0.00022215599892660975,0.6856700719999935,108,13862.831515294,1786055906.6893127
18440,2.08,0.0016710094641894102,2.331536898821077e-06,1.1657684494105385e-05,0.0001905310000438476,0.9586631350011885,111,13870.263937665,1786055914.1681118
18450,2.08,0.00017855079204309732,2.3273259211223938e-06,1.1636629605611968e-05,0.00023158399926614948,0.6877824309995049,110,13877.904448948,1786055921.6005461
18460,2.08,7.306699990294874e-05,2.32314136189301e-06,1.161570680946505e-05,0.0002919970011134865,0.6882895339986135,116,13885.147437216,1786055929.2411113
18470,2.08,9.379386028740555e-05,2.3189832338798176e-06,1.1594916169399087e-05,0.00018808499953593127,0.7200206699999399,107,13892.775172318,1786055936.4840884
18480,2.08,0.00020108811440877616,2.3148515497491976e-06,1.1574257748745986e-05,0.00027230900013819337,0.6867043579986785,115,13900.257082514,1786055944.111923
18490,2.08,7.79086840339005e-05,2.3107463220869753e-06,1.1553731610434875e-05,0.00022305800121102948,0.7003290240008937,106,13907.932201506,1786055951.5937052
18500,2.08,0.00015449762577190995,2.3066675633983863e-06,1.153333781699193e-05,0.00023182599943538662,0.6866873910003051,107,13915.265110047,1786055959.2688448
18510,2.08,0.00016268511535599828,2.302615286108035e-06,1.1513076430540177e-05,0.00019419599993852898,0.7215781440008868,107,13922.599978951,1786055966.601823
18520,2.08,0.00031266032601706684,2.2985895025598656e-06,1.1492947512799328e-05,0.00027390899958845694,0.6992781670014665,118,13930.131827772,1786055973.9365416
18530,2.09,0.0002888249000534415,2.2945902250171097e-06,1.1472951125085548e-05,0.00022703099966747686,0.6930521180001961,109,13937.640084977,1786055981.468436
18540,2.09,0.00025371750234626234,2.2906174656622598e-06,1.1453087328311298e-05,0.000275261998467613,0.6819407279999723,108,13944.977098861,1786055988.9764974
18550,2.09,0.0002386310079600662,2.2866712365970315e-06,1.1433356182985157e-05,0.0002164920006180182,0.6786428600007639,111,13952.517257656,1786055996.313872
18560,2.09,0.00018527961219660938,2.2827515498423204e-06,1.14137577492116e-05,0.00019491300008667167,0.9383368079998036,105,13959.954866151,1786056003.853863
18570,2.09,0.0021314348559826612,2.2788584173381747e-06,1.1394292086690873e-05,0.00019094300114375073,0.7092161620003026,108,13967.371583438,1786056011.2914786
18580,2.09,0.0001384069473715499,2.2749918509437502e-06,1.137495925471875e-05,0.00019855600112350658,0.722526920000746,110,13974.668604421,1786056018.7083042
18590,2.09,0.0007684719166718423,2.271151862437279e-06,1.1355759312186395e-05,0.0002238910001324257,0.8442314010007976,116,13981.923907444,1786056026.005176
18600,2.09,0.0006987498491071165,2.2673384635160317e-06,1.1336692317580158e-05,0.000373405000573257,0.7059968779994961,114,13989.370876012,1786056033.260647
18610,2.1,0.0003073490224778652,2.2635516657962827e-06,1.1317758328981414e-05,0.00020401400070113596,0.6934730959983426,115,13996.942645735,1786056040.7073314
18620,2.1,0.00013957357441540807,2.259791480813276e-06,1.129895740406638e-05,0.000235890000112704,0.703116823999153,106,14004.40705248,1786056048.2792919
18630,2.1,9.803803550312296e-05,2.2560579200211857e-06,1.1280289600105929e-05,0.00025393400028406177,0.869616797001072,113,14011.657210618,1786056055.7436626
18640,2.1,0.0007501156069338322,2.2523509947930843e-06,1.1261754973965422e-05,0.00020839399985561613,0.6917943819989887,108,14019.187518121,1786056062.99396
18650,2.1,0.00019989843713119626,2.248670716420911e-06,1.1243353582104555e-05,0.00018484300017007627,0.9630016820010496,110,14026.531829186,1786056070.524138
18660,2.1,0.00011095546506112441,2.245017096115432e-06,1.1225085480577157e-05,0.0002761670002655592,0.6834702719988854,114,14033.732819697,1786056077.868484
18670,2.1,0.00024232713622041047,2.2413901450062066e-06,1.1206950725031034e-05,0.00021128900152689312,0.7189741389993287,112,14041.25525346,1786056085.069577
18680,2.1,0.000303283566609025,2.2377898741415573e-06,1.1188949370707787e-05,0.00020534700161078945,0.7163335640016157,115,14048.715866744,1786056092.5919251
18690,2.1,9.116281580645591e-05,2.2342162944885357e-06,1.1171081472442679e-05,0.000186645000212593,0.7085280709998187,110,14056.18002926,1786056100.0525045
18700,2.11,0.0004282281151972711,2.2306694169328837e-06,1.1153347084664418e-05,0.0002172169988625683,0.6875766920002206,109,14063.646863313,1786056107.5164545
18710,2.11,0.00036694720620289445,2.2271492522790044e-06,1.1135746261395021e-05,0.00019617899852164555,0.7404172740007198,111,14070.955334966,1786056114.9834962
18720,2.11,0.00021014644880779088,2.2236558112499305e-06,1.1118279056249653e-05,0.00020174900055280887,0.7012323290000495,107,14078.198282242,1786056122.2919993
18730,2.11,0.0002548167249187827,2.2201891044872907e-06,1.1100945522436453e-05,0.00020013199900859036,0.6883372120009881,108,14085.808049966,1786056129.535005
18740,2.11,0.0001985152339329943,2.216749142551273e-06,1.1083745712756365e-05,0.00021257799926388543,0.6877077209992422,105,14093.12924557,1786056137.1446717
18750,2.11,0.00016275215602945536,2.2133359359205995e-06,1.1066679679602998e-05,0.00022588199863093905,0.6959196389998397,109,14100.288512894,1786056144.465962
18760,2.11,0.00010971511801471934,2.209949494992489e-06,1.1049747474962443e-05,0.000431740001658909,0.6990108130012231,112,14107.519705755,1786056151.6251955
18770,2.11,0.00010878860484808683,2.2065898300826276e-06,1.1032949150413137e-05,0.0005784069999208441,0.7008212790005928,114,14114.947962935,1786056158.8563023
18780,2.11,0.00016116751066874713,2.2032569514251372e-06,1.1016284757125685e-05,0.00019452500055194832,0.7023905609985377,120,14122.401322025,1786056166.2846942
18790,2.12,0.00018288927094545215,2.1999508691725437e-06,1.0999754345862719e-05,0.00019448099919827655,0.9037549090007815,115,14129.731309644,1786056173.7378054
18800,2.12,8.11511927167885e-05,2.196671593395749e-06,1.0983357966978745e-05,0.00023088399939297233,0.7060229790004087,105,14136.913367446,1786056181.0680287
18810,2.12,0.006612754892557859,2.193419134083994e-06,1.0967095670419971e-05,0.0002475020010024309,0.7255568339987803,115,14144.440338356,1786056188.2499967
18820,2.12,0.0021465285681188107,2.190193501144835e-06,1.0950967505724174e-05,0.0002538659991841996,0.6977322850016208,110,14151.951806106,1786056195.7769778
18830,2.12,0.00017089824541471899,2.1869947044041074e-06,1.0934973522020536e-05,0.0004090549991815351,0.7082616219995543,105,14159.208448486,1786056203.2883883
18840,2.12,0.0010394782293587923,2.1838227536059034e-06,1.0919113768029516e-05,0.00019599499864852987,0.7018595009994897,110,14166.689148764,1786056210.5452769
18850,2.12,0.00047912076115608215,2.1806776584125336e-06,1.0903388292062668e-05,0.00019998000061605126,0.8701493539992953,111,14174.218772061,1786056218.025795
18860,2.12,0.0009344328427687287,2.1775594284045043e-06,1.0887797142022522e-05,0.00020035099987580907,0.6933838129989454,114,14181.650338929,1786056225.5553193
18870,2.12,0.00010074210149468854,2.1744680730804828e-06,1.0872340365402414e-05,0.00027784200028690975,0.6918558769993979,111,14188.858667051,1786056232.9870281
18880,2.13,0.00023737901938147843,2.171403601857276e-06,1.085701800928638e-05,0.00024172399935196154,0.7195732609998231,106,14196.168034043,1786056240.195313
18890,2.13,0.0007182329427450895,2.1683660240697937e-06,1.0841830120348968e-05,0.00018993099911313038,0.7207580349986529,111,14203.822227004,1786056247.5047052
18900,2.13,0.00040175585309043527,2.165355348971024e-06,1.0826776744855121e-05,0.0001979850003408501,0.7066155320007965,112,14211.185486165,1786056255.1588707
18910,2.13,0.00014845727127976716,2.1623715857320076e-06,1.0811857928660036e-05,0.00025016099971253425,0.7036211289996572,110,14218.413158556,1786056262.522186
18920,2.13,0.00011118298425571993,2.1594147434418025e-06,1.0797073717209012e-05,0.000204395999389817,0.6906415320008819,111,14225.880305588,1786056269.749834
18930,2.13,0.0656943991780281,2.156484831107463e-06,1.0782424155537314e-05,0.00020119799955864437,0.891229700000622,111,14233.24286663,1786056277.217042
18940,2.13,0.000624012085609138,2.1535818576540125e-06,1.0767909288270063e-05,0.0002523679995647399,0.7112434520004172,112,14240.525781367,1786056284.5795524
18950,2.13,6.98075455147773e-05,2.1507058319244095e-06,1.0753529159622047e-05,0.0005009069991501747,0.7025952929998311,114,14247.837316918,1786056291.862485
18960,2.13,0.0001261020079255104,2.147856762679528e-06,1.0739283813397637e-05,0.0002163360004487913,0.7264862979991449,112,14255.293000673,1786056299.1738396
18970,2.14,0.00018075943808071315,2.145034658598125e-06,1.0725173292990626e-05,0.0002015549998759525,0.8714491699993232,110,14262.590355216,1786056306.6296577
18980,2.14,0.000324393215123564,2.142239528276823e-06,1.0711197641384115e-05,0.00035619200025394093,0.6828960450002342,113,14270.193084893,1786056313.9270318
18990,2.14,0.0013843986671417952,2.1394713802300706e-06,1.0697356901150353e-05,0.00018532300055085216,0.6860386719999951,110,14277.450993908,1786056321.529801
19000,2.14,0.00042210222454741597,2.136730222890128e-06,1.068365111445064e-05,0.00021049399947514758,0.712088494999989,117,14285.150302282,1786056328.787652
19010,2.14,0.00011263215856160969,2.134016064607035e-06,1.0670080323035176e-05,0.0002736609985731775,0.8742271720002464,115,14292.17257784,1786056336.4868946
19020,2.14,0.00012322718976065516,2.131328913648589e-06,1.0656644568242946e-05,0.00019048900139750913,0.7005632450000121,111,14299.919650923,1786056343.5091193
19030,2.14,0.0002062762650894001,2.1286687782003183e-06,1.064334389100159e-05,0.0006077880007069325,0.7379597710005328,109,14307.122327884,1786056351.2561867
19040,2.14,0.00011951647320529446,2.1260356663654562e-06,1.063017833182728e-05,0.0004912229996989481,0.690495386999828,108,14314.531859248,1786056358.4590342
19050,2.14,0.0005603342433460057,2.123429586164917e-06,1.0617147930824584e-05,0.00041365099968970753,0.6799100049993285,114,14321.491094369,1786056365.8685308
19060,2.15,0.0012121114414185286,2.120850545537276e-06,1.060425272768638e-05,0.00022632200125372037,0.6977519680003752,111,14329.015414071,1786056372.827737
19070,2.15,0.00853797234594822,2.1182985523387348e-06,1.0591492761693673e-05,0.00019064699881710112,0.7149180910000723,118,14336.205209273,1786056380.3520308
19080,2.15,0.00011886578431585804,2.115773614343109e-06,1.0578868071715544e-05,0.0005659769994963426,0.6912456629997905,103,14343.504332083,1786056387.5418522
19090,2.15,0.0023001329973340034,2.1132757392417973e-06,1.0566378696208986e-05,0.00018462400112184696,0.7206263669995678,110,14351.130269211,1786056394.8409238
19100,2.15,0.0003194326418451965,2.1108049346437612e-06,1.0554024673218805e-05,0.00022895700021763332,0.8595029850002902,110,14358.438299469,1786056402.4669888
19110,2.15,0.00015961909957695752,2.108361208075498e-06,1.054180604037749e-05,0.00019652499941003043,0.6747538489998988,103,14365.670231411,1786056409.775011
19120,2.15,0.00016146093548741192,2.1059445669810248e-06,1.0529722834905125e-05,0.00019505899945215788,0.6977052130005177,107,14373.2719563,1786056417.0069041
19130,2.15,0.0003306651196908206,2.103555018721848e-06,1.051777509360924e-05,0.0001872630000434583,0.6924377649993403,118,14380.374525472,1786056424.608611
19140,2.15,0.000105259932752233,2.101192570576948e-06,1.0505962852884739e-05,0.0002049369995802408,0.6986533050003345,111,14388.236182147,1786056431.711006
19150,2.16,0.00021389761241152883,2.098857229742749e-06,1.0494286148713743e-05,0.00019490399972710293,0.8773916469999676,109,14395.423855758,1786056439.5728602
19160,2.16,0.0003289197338744998,2.096549003333105e-06,1.0482745016665526e-05,0.00020097400010854471,0.8445869570005016,106,14402.85179961,1786056446.760324
19170,2.16,0.00034117395989596844,2.0942678983792745e-06,1.0471339491896374e-05,0.00026606200117385015,0.7227868150002905,116,14410.103538625,1786056454.1884365
19180,2.16,0.0009484415058977902,2.092013921829899e-06,1.0460069609149496e-05,0.00022288699983619153,0.842258861001028,107,14417.698796658,1786056461.4401076
19190,2.16,0.0015193287981674075,2.0897870805509822e-06,1.044893540275491e-05,0.00019196699940948747,0.7042525950000709,108,14425.146552674,1786056469.03531
19200,2.16,0.0011607680935412645,2.0875873813258667e-06,1.0437936906629334e-05,0.00019617100042523816,0.6978489939992869,114,14432.522916527,1786056476.4831758
19210,2.16,5.6756081903586164e-05,2.085414830855221e-06,1.0427074154276104e-05,0.00019125699873256963,0.6861863939993782,104,14439.870996545,1786056483.8595364
19220,2.16,0.00018561165779829025,2.0832694357570075e-06,1.0416347178785037e-05,0.00020048000078531913,0.7079247120000218,108,14447.367790087,1786056491.2076526
19230,2.16,8.074381912592798e-05,2.0811512025664735e-06,1.0405756012832367e-05,0.0002223880001110956,0.8498955859995476,103,14454.915896605,1786056498.7044501
19240,2.17,0.0003176449390593916,2.079060137736125e-06,1.0395300688680624e-05,0.0003069180002057692,0.9203831880004145,112,14462.571505589,1786056506.2525387
19250,2.17,0.004797326400876045,2.0769962476357065e-06,1.0384981238178534e-05,0.00021702400044887327,0.7126413509995473,119,14469.642110587,1786056513.9082294
19260,2.17,0.0011561746941879392,2.0749595385521863e-06,1.0374797692760932e-05,0.00029287600045790896,0.6787574830013909,112,14477.512622484,1786056520.9788096
19270,2.17,0.004290135111659765,2.072950016689734e-06,1.0364750083448669e-05,0.0002973489990836242,0.9182550180012186,110,14484.783188983,1786056528.849184
19280,2.17,5.821409649797715e-05,2.0709676881697004e-06,1.0354838440848501e-05,0.00025998599994636606,0.8411166650002997,117,14492.084272539,1786056536.1198766
19290,2.17,0.0001305530604440719,2.069012559030602e-06,1.0345062795153009e-05,0.00024226900131907314,0.7192978849998326,112,14499.258450734,1786056543.4209523
19300,2.17,0.005985016468912363,2.067084635228102e-06,1.033542317614051e-05,0.00039075600034266245,0.7340728729996044,114,14506.823614247,1786056550.5950458
19310,2.17,0.0002751106512732804,2.06518392263499e-06,1.032591961317495e-05,0.0002009919990086928,0.928122691999306,112,14514.342395077,1786056558.1603508
19320,2.17,0.00036320972139947116,2.0633104270411675e-06,1.0316552135205838e-05,0.00019307100046717096,0.7252874719997635,119,14521.673734651,1786056565.679047
19330,2.18,0.00016252776549663395,2.061464154153626e-06,1.0307320770768129e-05,0.00023569800032419153,0.8707820030012954,108,14528.81314412,1786056573.0103164
19340,2.18,0.00013778790889773518,2.059645109596432e-06,1.029822554798216e-05,0.00022855899987916928,0.6728152390005562,102,14536.218814044,1786056580.1497035
19350,2.18,0.00047245112364180386,2.057853298910713e-06,1.0289266494553563e-05,0.00023043599867378362,0.7197036369998386,111,14543.73347348,1786056587.5553918
19360,2.18,0.0002489665930625051,2.0560887275546325e-06,1.0280443637773163e-05,0.00027372700060368516,0.7455537539990473,112,14551.205649981,1786056595.0701194
19370,2.18,0.00011543090658960864,2.0543514009033836e-06,1.0271757004516918e-05,0.0001921380007843254,0.7491361800002778,105,14558.237211643,1786056602.5423002
19380,2.18,0.00019315772806294262,2.0526413242491615e-06,1.0263206621245807e-05,0.0002552090008975938,0.710619413999666,114,14565.936335632,1786056609.5738661
19390,2.18,0.0010034568840637803,2.0509585028011584e-06,1.0254792514005791e-05,0.00045140799920773134,0.7622463890002109,110,14573.452142974,1786056617.272979
19400,2.18,0.0010685794986784458,2.04930294168554e-06,1.0246514708427702e-05,0.0002320319999853382,0.7039885550002509,117,14580.955235993,1786056624.7887955
19410,2.19,0.0011449954472482204,2.047674645945433e-06,1.0238373229727165e-05,0.0002234820003650384,0.7296014499988814,110,14588.135094192,1786056632.2918906
19420,2.19,0.0037351136561483145,2.046073620540906e-06,1.023036810270453e-05,0.00019863800116581842,0.707522358999995,110,14595.537243029,1786056639.4717104
19430,2.19,0.00013784211478196084,2.044499870348964e-06,1.0222499351744819e-05,0.0002549500004533911,0.6982861919987045,109,14602.971913468,1786056646.8736386
19440,2.19,0.0001656425156397745,2.0429534001635194e-06,1.0214767000817596e-05,0.00019859799976984505,0.9190826840003865,112,14610.352635965,1786056654.3084757
19450,2.19,0.000601049221586436,2.04143421469539e-06,1.020717107347695e-05,0.0002954739993583644,0.7365059059993655,111,14617.789577001,1786056661.6892242
19460,2.19,0.00020820439385715872,2.03994231857228e-06,1.0199711592861399e-05,0.0006290900000749389,0.8358355540003686,104,14625.17306355,1786056669.1261914
19470,2.19,0.0008633373654447496,2.038477716338761e-06,1.0192388581693806e-05,0.0005371420011215378,0.7551722190000874,111,14632.739029984,1786056676.509722
19480,2.19,0.0010891790734604,2.037040412456267e-06,1.0185202062281336e-05,0.00020290300017222762,0.9160891699993954,109,14640.116998972,1786056684.0755935
19490,2.19,9.740194218466058e-05,2.0356304113030742e-06,1.017815205651537e-05,0.00020028800099680666,0.6774266569991596,105,14647.566866019,1786056691.4536226
19500,2.2,0.00024666698300279677,2.03424771717429e-06,1.017123858587145e-05,0.00025866099895210937,0.8801767989989457,110,14654.81447963,1786056698.9034903
19510,2.2,0.00046762634883634746,2.0328923342818426e-06,1.0164461671409211e-05,0.00022781700135965366,0.7224334190013906,114,14662.17611616,1786056706.1509693
19520,2.2,0.0009780669352039695,2.0315642667544606e-06,1.0157821333772303e-05,0.00021742099852417596,0.6838316489993304,117,14669.635574418,1786056713.5127196
19530,2.2,0.0005901752738282084,2.030263518637671e-06,1.0151317593188352e-05,0.00019699200129252858,0.7105138829992939,107,14677.050131056,1786056720.9719017
19540,2.2,0.000808310869615525,2.028990093893776e-06,1.0144950469468879e-05,0.00023097799930837937,0.8726790090004215,107,14684.345141092,1786056728.3867652
19550,2.2,0.0001113580510718748,2.027743996401848e-06,1.0138719982009242e-05,0.00019941200116591062,0.7216332999996666,115,14691.673640333,1786056735.6818025
19560,2.2,0.002311502583324909,2.026525229957718e-06,1.013262614978859e-05,0.00022912999884283636,0.6978289369999402,109,14699.411817828,1786056743.0101655
19570,2.2,0.0007182775298133492,2.0253337982739583e-06,1.0126668991369792e-05,0.00019847799921990372,0.7278265479999391,110,14706.837490965,1786056750.7484093
19580,2.2,0.0004293964011594653,2.024169704979877e-06,1.0120848524899386e-05,0.00022503499894810375,0.6794079259998398,118,14714.114902692,1786056758.1741676
19590,2.21,0.000537577026989311,2.0230329536215044e-06,1.0115164768107521e-05,0.0002084460011246847,0.698217441999077,106,14721.315487327,1786056765.4514287
19600,2.21,0.002389910165220499,2.0219235476615823e-06,1.010961773830791e-05,0.000222771001062938,0.6992679640006827,118,14729.089162869,1786056772.652104
19610,2.21,6.596984894713387e-05,2.0208414904795525e-06,1.010420745239776e-05,0.00025051600096048787,0.7103958699990471,109,14736.532728006,1786056780.4258015
19620,2.21,0.0011387548875063658,2.01978678537155e-06,1.0098933926857752e-05,0.00020096399930480402,0.7264133989992843,109,14743.702850324,1786056787.869277
19630,2.21,0.0002559985441621393,2.018759435550389e-06,1.0093797177751944e-05,0.00019119299940939527,0.7093077139998059,108,14750.816362439,1786056795.0394692
19640,2.21,0.00015914373216219246,2.0177594441455557e-06,1.008879722072778e-05,0.00023819899979571346,0.6926190329995734,106,14758.276195824,1786056802.1529958
19650,2.21,0.0004966710112057626,2.016786814203198e-06,1.0083934071015987e-05,0.0002889560000767233,0.6976425009997911,120,14765.717777564,1786056809.6127894
19660,2.21,0.00183782575186342,2.015841548686112e-06,1.0079207743430561e-05,0.0002037899994320469,0.7215753729997232,118,14772.964007588,1786056817.054325
19670,2.21,0.00012330079334788024,2.014923650473745e-06,1.0074618252368726e-05,0.0001997399995161686,0.7233320340001228,109,14780.196356422,1786056824.3005354
19680,2.22,0.0008065650472417474,2.0140331223621707e-06,1.0070165611810854e-05,0.0002571929999248823,0.6883152509999491,111,14787.663552739,1786056831.5329614
19690,2.22,0.00036435245419852436,2.0131699670640946e-06,1.0065849835320472e-05,0.0002962990001833532,0.6918050239983131,111,14795.023218223,1786056839.000113
19700,2.22,0.00018140600877813995,2.0123341872088358e-06,1.0061670936044177e-05,0.0002243229992018314,0.7541748980002012,112,14802.393854095,1786056846.3598354
19710,2.22,5.480848631123081e-05,2.011525785342325e-06,1.0057628926711624e-05,0.00020309200044721365,0.7468784159991628,111,14809.669589404,1786056853.7304573
19720,2.22,0.0004279359127394855,2.010744763927094e-06,1.005372381963547e-05,0.000245213999733096,0.6941454139996495,104,14817.355977905,1786056861.0062735
19730,2.22,0.00017866247799247503,2.009991125342271e-06,1.0049955626711354e-05,0.00018111799909092952,0.6954038709991437,110,14824.788061591,1786056868.6925797
19740,2.22,0.0007741586305201054,2.009264871883568e-06,1.0046324359417841e-05,0.00021845999981451314,0.6982232600003044,112,14832.022315651,1786056876.124735
19750,2.22,0.00017315795412287116,2.0085660057632796e-06,1.0042830028816398e-05,0.000306810999973095,0.7199546239990013,109,14839.195787666,1786056883.3589451
19760,2.22,0.00012890322250314057,2.0078945291102746e-06,1.0039472645551373e-05,0.00020705899987660814,0.7162475389995961,109,14846.889471934,1786056890.5323298
19770,2.23,0.0014261085307225585,2.0072504439699863e-06,1.0036252219849932e-05,0.00039739000021654647,0.7081555690001551,118,14854.352481854,1786056898.2261786
19780,2.23,0.0002665497304406017,2.0066337523044097e-06,1.0033168761522047e-05,0.0001981450004677754,0.69957065699964,103,14861.656042757,1786056905.6891563
19790,2.23,0.004212287254631519,2.006044455992094e-06,1.0030222279960469e-05,0.00019746799989661667,0.68453993500043,114,14869.070668466,1786056912.992623
19800,2.23,0.0002132239460479468,2.005482556828138e-06,1.002741278414069e-05,0.00021595799989881925,0.727868612999373,114,14876.584858586,1786056920.407288
19810,2.23,7.605524297105148e-05,2.0049480565241862e-06,1.002474028262093e-05,0.00027690200113283936,0.7252854880007362,111,14884.184916545,1786056927.9212487
19820,2.23,0.00018294434994459152,2.0044409567084157e-06,1.0022204783542078e-05,0.00019862599947373383,0.6945471029994223,116,14891.449323633,1786056935.521626
19830,2.23,0.0004226128221489489,2.003961258925544e-06,1.0019806294627719e-05,0.00022102699949755333,0.6987394509997102,113,14898.847169061,1786056942.7859569
19840,2.23,0.00010594126069918275,2.0035089646368107e-06,1.0017544823184054e-05,0.0002035390007222304,0.8764790980003454,110,14906.220131624,1786056950.1837926
19850,2.23,0.00017541817214805633,2.0030840752199845e-06,1.0015420376099922e-05,0.0002127660009136889,0.6945468859994435,108,14913.747357649,1786056957.5567615
19860,2.24,6.552157719852403e-05,2.0026865919693518e-06,1.0013432959846759e-05,0.00022061599884182215,0.7042499119997956,109,14921.080520948,1786056965.0840225
19870,2.24,9.229434363078326e-05,2.0023165160957152e-06,1.0011582580478575e-05,0.00039314899913733825,0.6935887760009791,114,14928.547604941,1786056972.41715
19880,2.24,7.310092041734606e-05,2.0019738487263905e-06,1.0009869243631952e-05,0.0001894369997899048,0.718121202000475,108,14935.738866541,1786056979.8841186
19890,2.24,0.00043159013148397207,2.001658590905202e-06,1.000829295452601e-05,0.0004506839995883638,0.7409903759998997,108,14943.482695434,1786056987.0754898
19900,2.24,9.564720676280558e-05,2.0013707435924787e-06,1.0006853717962392e-05,0.0002700770000956254,0.6870477389984444,111,14950.593469975,1786056994.8193166
19910,2.24,0.0014519953401759267,2.0011103076650547e-06,1.0005551538325273e-05,0.00022119499953987543,0.6977172939987213,106,14958.240085994,1786057001.9301324
19920,2.24,6.699423101963475e-05,2.000877283916262e-06,1.000438641958131e-05,0.0002708259999053553,0.871393707999232,113,14965.262116526,1786057009.576695
19930,2.24,0.00030088869971223176,2.0006716730559324e-06,1.000335836527966e-05,0.00020208699970680755,0.6959234759997344,109,14972.85865282,1786057016.5987785
19940,2.24,0.00020550357294268906,2.0004934757103908e-06,1.0002467378551954e-05,0.0003610099993238691,0.6885943929992209,106,14980.101355144,1786057024.1952426
19950,2.25,0.0006458287825807929,2.000342692422458e-06,1.000171346211229e-05,0.00020893399960186798,0.7107895700009976,114,14987.636783508,1786057031.4379692
19960,2.25,0.0003468381764832884,2.0002193236514474e-06,1.0001096618257236e-05,0.0002650599999469705,0.7484158739989653,112,14994.852714281,1786057038.9733186
19970,2.25,0.0003386152384337038,2.000123369773159e-06,1.0000616848865795e-05,0.00023023999892757274,0.7017974669997784,115,15002.643989196,1786057046.1881561
19980,2.25,0.0024826007429510355,2.0000548310798865e-06,1.0000274155399431e-05,0.00022488499962491915,0.7205943340013619,111,15009.891065209,1786057053.9806535
19990,2.25,0.00010729057976277545,2.0000137077804106e-06,1.0000068538902053e-05,0.0002479739996488206,0.7217387450000388,114,15017.47899302,1786057061.2277272
20000,2.25,8.345986861968413e-05,2e-06,9.999999999999999e-06,0.0002235590000054799,0.8449833510003373,116,15067.964892033,1786057068.8156438
